INSERT INTO `eps_address` (`id`, `account`, `contact`, `address`, `phone`, `zipcode`, `lang`) VALUES
(1,	'demo',	'張三丰',	'位於湖北省西北部的十堰市丹江口市境內',	'15988898558',	'266555',	'zh-tw');

INSERT INTO `eps_article` (`id`, `title`, `alias`, `keywords`, `summary`, `content`, `source`, `copySite`, `copyURL`, `author`, `editor`, `addedDate`, `editedDate`, `status`, `type`, `views`, `sticky`, `order`, `link`, `css`, `js`, `lang`) VALUES
(1,	'安全升級，蟬知2.5.2發佈',	'chanzhi2.5.2',	'安全cms,企業建站系統,企業門戶,開源csm',	'大家好，蟬知2.5.2正式版發佈了，這次更新增強了系統安全，改進了部分頁面的體驗，另外修復了很多之前版本的bug，建議老用戶及時下載升級。',	'<h4>一、修改記錄</h4>\n<ol><li>新增防xss跨站攻擊處理</li>\n<li>優化後台區塊管理操作體驗</li>\n<li>修復通過欄位可進行sql注入的漏洞</li>\n<li>修復產品資料結構bug</li>\n<li>修復繁體版安裝失敗bug</li>\n<li>修復論壇帖子隱藏顯示bug</li>\n</ol><h4>二、下載地址</h4>\n源碼包： <a href=\"http://dl.xirangit.com/eps/2.5/chanzhiEPS.2.5.2.zip\">http://dl.xirangit.com/eps/2.5/chanzhiEPS.2.5.2.zip</a> <h4>三、安裝和升級文檔</h4>\n安裝文檔：<a href=\"http://www.chanzhi.org/book/chanzhieps/5.html\">http://www.chanzhi.org/book/chanzhieps/5.html</a><br />\n升級文檔：<a href=\"http://www.chanzhi.org/book/chanzhieps/68.html\">http://www.chanzhi.org/book/chanzhieps/68.html</a><br /><h4>四、演示</h4>\n前台演示：<a href=\"http://demo.chanzhi.org\">http://demo.chanzhi.org</a><br /><p>後台演示：<a href=\"http://demo.chanzhi.org/chanzhiadmin.php\">http://demo.chanzhi.org/chanzhiadmin.php</a></p>',	'original',	'',	'',	'admin',	'admin',	'2014-08-21 13:55:00',	'2014-08-25 15:17:30',	'normal',	'article',	29,	'0',	0,	'',	'',	'',	'zh-tw'),
(2,	'推薦空間',	'host',	'蟬知空間',	'',	'<p>我們不推薦大家使用iis + php的空間，存在諸多問題。下面列出的空間都是經過我們測試的，可以選購。</p>\n<h4>首先推薦：<a href=\"http://www.chanzhi.net\">雲蟬知</a></h4>\n<p>雲蟬知是蟬知團隊運營的免費建站服務，不需要備案，不需要維護，簡單方便。</p>\n<h4>推薦2：<a href=\"http://www.londit.com/aff/d3djY3NzQGdtYWlsLmNvbQ==\">浪點雲主機</a>：</h4>\n<p>浪點雲主機伺服器在香港，不需要備案，linux + apache + php環境，經過我們測試可以流暢運行蟬知系統，也支持偽靜態。價格也比較實惠。想自己安裝，自己維護的朋友可以選擇。<a href=\"http://www.londit.com/aff/d3djY3NzQGdtYWlsLmNvbQ==\">點擊此連結購買：</a></p>\n<p><br /></p>\n<p>附：大家有什麼推薦的空間也都可以聯繫我們進行評測。</p>',	'original',	'',	'',	'',	'',	'2014-08-25 14:17:00',	'2014-08-25 14:18:11',	'normal',	'page',	129,	'0',	0,	'',	'',	'',	'zh-tw'),
(3,	'ZUI文檔更新',	'',	'',	'',	'<p>大家好就，在我們團隊浩浩同學的努力下，zui文檔的整理工作已經初步完成，zui發佈以來大家一直都比較關注，很多朋友催我們更新文檔，這次終於可以給大家一個比較完善的手冊。請大家到<span style=\"line-height:1.428571429;\">zui文檔的官方地址：</span><span style=\"line-height:1.428571429;\"><a href=\"http://devel.cnezsoft.com/page/zui.html\">http://devel.cnezsoft.com/page/zui.html</a></span><span style=\"line-height:1.428571429;\">查看。</span></p>\n<p><span style=\"line-height:1.428571429;\"><img src=\"http://www.chanzhi.org/data/upload/201406/f_d81b3cd8361b97c639574b9184d2050d.jpg\" alt=\"\" /><br /><br /></span></p>\n<p><span style=\"line-height:1.428571429;\"><img src=\"http://www.chanzhi.org/data/upload/201406/f_9b835d5e180020bb9aadffdefddfa4dc.jpg\" alt=\"\" /><br /></span></p>\n<p><br /></p>\n<p><span style=\"background-color:#FAFAFA;color:#19751A;font-size:18px;font-weight:bold;line-height:1.1;\">PS:ZUI構建於眾多優秀的開源項目之上</span></p>\n<p><span style=\"background-color:#FAFAFA;color:#19751A;font-size:18px;font-weight:bold;line-height:1.1;\"><br /></span></p>\n<div class=\"col-md-3 col-sm-4\" style=\"font-size:14px;text-align:center;background-color:#FAFAFA;\"><a href=\"http://necolas.github.io/normalize.css/\" class=\"card\"><strong class=\"card-heading\">normalize</strong></a></div>\n<div class=\"col-md-3 col-sm-4\" style=\"font-size:14px;text-align:center;background-color:#FAFAFA;\"><a href=\"http://jquery.com/\" class=\"card\"><strong class=\"card-heading\">jQuery</strong></a></div>\n<div class=\"col-md-3 col-sm-4\" style=\"font-size:14px;text-align:center;background-color:#FAFAFA;\"><a href=\"http://getbootstrap.com/\" class=\"card\"><strong class=\"card-heading\">Bootstrap</strong></a></div>\n<div class=\"col-md-3 col-sm-4\" style=\"font-size:14px;text-align:center;background-color:#FAFAFA;\"><a href=\"http://kindeditor.net/\" class=\"card\"><strong class=\"card-heading\">kindeditor</strong></a></div>\n<div class=\"col-md-3 col-sm-4\" style=\"font-size:14px;text-align:center;background-color:#FAFAFA;\"><a href=\"http://harvesthq.github.io/chosen/\" class=\"card\"><strong class=\"card-heading\">Chosen</strong></a></div>\n<div class=\"col-md-3 col-sm-4\" style=\"font-size:14px;text-align:center;background-color:#FAFAFA;\"><a href=\"http://www.malot.fr/bootstrap-datetimepicker\" class=\"card\"><strong class=\"card-heading\">Datetime picker</strong></a></div>\n<div class=\"col-md-3 col-sm-4\" style=\"font-size:14px;text-align:center;background-color:#FAFAFA;\"><a href=\"http://lesscss.org/\" class=\"card\"><strong class=\"card-heading\">Less</strong></a></div>\n<div class=\"col-md-3 col-sm-4\" style=\"font-size:14px;text-align:center;background-color:#FAFAFA;\"><a href=\"http://fortawesome.github.io/Font-Awesome/\" class=\"card\"><strong class=\"card-heading\">FontAwesome</strong></a></div>\n<div class=\"col-md-3 col-sm-4\" style=\"font-size:14px;text-align:center;background-color:#FAFAFA;\"><a href=\"https://code.google.com/p/google-code-prettify/\" class=\"card\"><strong class=\"card-heading\">google code prettify</strong></a></div>\n<br /><p><br /></p>\n<p><br /></p>\n<p><br /></p>\n<p><br /></p>\n<p><br /></p>\n<p><br /></p>\n<p><br /></p>\n<p><br /></p>\n<p><br /></p>\n<p><br /></p>\n<p><strong>向他們致謝！</strong></p>',	'original',	'',	'',	'admin',	'admin',	'2014-06-09 14:30:00',	'2014-08-25 15:27:00',	'normal',	'article',	6,	'0',	0,	'',	'',	'',	'zh-tw'),
(4,	'多處改進，蟬知2.5.1正式版發佈',	'chanzhi2.5.1',	'',	'大家好蟬知企業門戶系統2.5.1正式版發佈了，修復了2.5beta的一些bug和漏洞，還有多處使用體驗優化。這次升級修復了兩個重要的安全漏洞，建議大家及時更新。',	'<div class=\"text-danger\">本次升級修復了兩個安全漏洞，建議大家及時更新。</div>\n<h4>一、2.5.1修改記錄</h4>\n<ol><li>文章詳情頁面最後編輯放在頁尾</li>\n<li>調整了後台區塊設置顏色的界面</li>\n<li>二維碼圖片設置預設的寬度和高度</li>\n<li>處理留言和回覆的時候，把留言或者評論的內容顯示在回覆框裡面</li>\n<li>修復開放登錄的圖片地址</li>\n<li>手冊文章的評論沒有顯示手冊的查看連結</li>\n<li>調整php源碼區塊的樣式</li>\n<li>zui裡面的彈出框裡面的\"好的\"改為\"確定\"</li>\n<li>佈局頁面的操作統一改為表徵圖按鈕</li>\n<li>跳轉頁面需要加placeholder，提示用戶輸入連結</li>\n<li>關注我們改為區塊實現，樣式調整</li>\n<li>檢查ie11下面的兼容性問題</li>\n<li>php源碼的ok檔案提示不要放在文本框架裡面</li>\n<li>全局樣式菜單直接改成全局樣式增加代碼高亮</li>\n<li>如果站點類型是博客的話，把網站首頁的連結去掉可以支持小表徵圖</li>\n<li>產品的摘要改為簡介</li>\n<li>類目管理放到類目的最下面</li>\n<li>類目維護後面增加x按鈕，可以刪除</li>\n<li>調整論壇帖子轉移的邏輯</li>\n<li>調整上傳模板頁面的的樣式</li>\n<li>原始碼區塊改為html原始碼，設置選項，直接語法高亮</li>\n<li>新聞，產品列表的刪除放在最後面</li>\n<li>把IE6提示代碼放到js里加載，同時簡化提示內容</li>\n<li>修復火狐下面導航錯位問題</li>\n<li>解決後台文章管理模組，左邊欄 類目瀏覽 如果文章類目過多會被遮蓋，且無法向下滾動的問題</li>\n</ol>\n<h4>二、下載地址</h4>\n源碼包： <a href=\"http://dl.xirangit.com/eps/2.5/chanzhiEPS.2.5.1.zip\">http://dl.xirangit.com/eps/2.5/chanzhiEPS.2.5.1.zip</a> <h4>三、安裝和升級文檔</h4>\n安裝文檔：<a href=\"http://www.chanzhi.org/book/chanzhieps/5.html\">http://www.chanzhi.org/book/chanzhieps/5.html</a><br />\n升級文檔：<a href=\"http://www.chanzhi.org/book/chanzhieps/68.html\">http://www.chanzhi.org/book/chanzhieps/68.html</a><br />\n<h4>四、演示</h4>\n前台演示：<a href=\"\">http://demo.chanzhi.org</a><br />\n<p>後台演示：<a href=\"/chanzhiadmin.php\">http://demo.chanzhi.org/chanzhiadmin.php</a></p>\n<h4>五、新功能截圖</h4>\n<p><br />\n</p>\n<p>區塊顏色自定義預覽</p>\n<p><img class=\"card\" src=\"http://www.chanzhi.org/data/upload/201408/f_612657d0b55bc2041168d5dc5e130b7f.jpg\" alt=\"\" /></p>\n<p>區塊顏色自定義</p>\n<p><img class=\"card\" src=\"http://www.chanzhi.org/data/upload/201408/f_cbc7faa692abdbd2ddc70a471603d00d.jpg\" alt=\"\" /></p>\n<p>代碼高亮</p>\n<p><img class=\"card\" src=\"http://www.chanzhi.org/data/upload/201408/f_3df23e03df90e34cc826e2e6ca2ac857.jpg\" alt=\"\" /></p>\n<p>關於我們頁面區塊設置</p>\n<p><img class=\"card\" src=\"http://www.chanzhi.org/data/upload/201408/f_7d0a448e87f61db219f7f06372f79683.jpg\" alt=\"\" /></p>\n<p><img class=\"card\" src=\"http://www.chanzhi.org/data/upload/201408/f_df8a18eb7d0b23ee46eea14d70d7eff5.jpg\" alt=\"\" /></p>',	'original',	'',	'',	'admin',	'demo',	'2014-08-19 15:15:00',	'2014-10-16 14:11:52',	'normal',	'article',	15,	'0',	0,	'',	'',	'',	'zh-tw'),
(5,	'蟬知企業門戶2.5beta版本發佈',	'',	'蟬知,企業建站',	'蟬知企業門戶2.5beta版正式發佈。新增插件管理，優化模板體系、提供模板安裝功能，新增文章、類目、主題的跳轉功能，新增評論、留言前台回覆功能，還有導航拖拽排序、代碼編輯器等諸多優化。',	'<h4>一、2.5修改記錄</h4>\n<p>1、實現模板和主題風格的概念<br />\n2、將前台的模板檔案獨立出來<br />\n3、實現模板的導入功能<br />\n4、模板體系可以定義支持的區塊和佈局列表<br />\n5、增加插件管理機制<br />\n6、後檯布局的區塊、導航、手冊等列表頁面的排序改為拖動排序 <br />\n7、增加php原始碼區塊<br />\n8、原始碼區塊增加代碼編輯器<br />\n9、區塊增加更多顏色的配置<br />\n10、自定義區塊也支持更多連結<br />\n11、公司簡介區塊還原更多連結<br />\n12、留言、評論支持回覆功能<br />\n13、留言、評論列表顯示所有回覆<br />\n14、發表評論的時候可以選擇是否接收郵件通知<br />\n15、評論被回覆的時候，發送郵件通知評論作者<br />\n16、後台留言和評論通過之後也可以刪除<br />\n17、設置產品的價格貨幣單位使用符號<br />\n18、調整沒有任何參數的產品的詳情頁面<br />\n19、產品簡介添加編輯器<br />\n20、用戶可以直接定義一個全局的樣式<br />\n21、調整手機版本下面幻燈的顯示樣式<br />\n22、登錄註冊的代碼不應當出現在文檔開始的地方<br />\n23、編輯手冊的時候，記住當時點擊的錨點<br />\n24、將文章詳情頁面底部的空白標籤去掉<br />\n25、博客、論壇、手冊功能關閉的時候，站點地圖不顯示這些模組<br />\n26、重新調整論壇的主題轉移功能<br />\n27、類目維護頁面增加添加按鈕，可以新增一個類目框<br />\n28、類目、文章、主題可以是一個連結，當瀏覽該類目時，跳轉到其他的連結地址<br />\n29、後台的主題、帖子、留言的刪除改用zui裡面的對話框<br />\n30、修改ie6的檢查提示方式<br />\n31、二維碼只有打開的時候再請求<br />\n32、圖片瀏覽只能後台才可以使用，前台不能使用<br />\n33、日誌檔案增加.php副檔名<br />\n34、附件目錄、system目錄每個都創建空白的index.php檔案<br />\n35、升級的時候去掉ok檔案的檢查<br />\n36、手冊文章顯示最後更新時間<br />\n37、後台的文章、博客、產品列表增加圖片連結<br />\n38、調整帖子詳情附件上傳的表單樣式<br />\n39、調整後台的文章、博客、產品等模組點開的附件上傳表單修改樣式<br />\n40、升級到2.5的時候，將之前的日誌檔案刪除掉<br />\n41、備案信息增加連結<br />\n42、幻燈的連結應當指定是否是新開窗口<br />\n43、調整ie11下載附件的邏輯<br />\n44、後台的用戶檢索可以模糊檢索<br />\n45、公司聯繫方式增加公司網址<br />\n46、處理QQ登錄相關報錯</p>\n<h4>二、下載地址</h4>\n源碼包：<a href=\"http://dl.xirangit.com/eps/2.5/chanzhiEPS.2.5.beta.zip\">http://dl.xirangit.com/eps/2.5/chanzhiEPS.2.5.beta.zip</a><br /><h4>三、安裝和升級文檔</h4>\n安裝文檔：<a href=\"http://www.chanzhi.org/book/chanzhieps/5.html\">http://www.chanzhi.org/book/chanzhieps/5.html</a><br />\n升級文檔：<a href=\"http://www.chanzhi.org/book/chanzhieps/68.html\">http://www.chanzhi.org/book/chanzhieps/68.html</a><br /><h4>四、演示</h4>\n前台演示：<a href=\"http://demo.chanzhi.org\">http://demo.chanzhi.org</a><br /><p>後台演示：<a href=\"http://demo.chanzhi.org/chanzhiadmin.php\">http://demo.chanzhi.org/chanzhiadmin.php</a></p>\n<h4>五、功能截圖</h4>\n<h5>1.評論留言可重複回覆</h5>\n<p class=\"card\"><img src=\"http://www.chanzhi.org/data/upload/201408/f_968ab3b123324b54b320474c18831d80.png\" alt=\"\" /></p>\n<h5>2.可以拖拽排序</h5>\n<p class=\"card\"><img src=\"http://www.chanzhi.org/data/upload/201408/f_421c572e99cb6d806874bfce45bd3f8d.png\" alt=\"\" /></p>\n<p class=\"card\"><img src=\"http://www.chanzhi.org/data/upload/201408/f_e6ae3162b920498fe9daca5701cc87de.png\" alt=\"\" /></p>\n<h5>3.模板設置</h5>\n<p class=\"card\"><img src=\"http://www.chanzhi.org/data/upload/201408/f_db80a5a9766e874e41d726174b0df05c.png\" alt=\"\" /></p>\n<h5>4.代碼編輯器</h5>\n<p class=\"card\"><img src=\"http://www.chanzhi.org/data/upload/201408/f_8e536ec6c0c4857b4cef62af88c81cde.png\" alt=\"\" /></p>',	'original',	'',	'',	'admin',	'',	'2014-08-06 11:10:00',	'2014-08-25 15:18:38',	'normal',	'article',	16,	'0',	0,	'',	'',	'',	'zh-tw'),
(6,	'蟬知企業門戶2.4正式版發佈',	'',	'企業建站系統,企業門戶,開源CMS,免費cms',	'大家好，蟬知2.4正式發佈了。對大量的交互和樣式做了優化，解決了之前版本的一些bug，如微信菜單連結錯誤等。相比之前版本蟬知2.4更加穩定流暢，歡迎大家下載使用。',	'<h4>一、2.4修改記錄</h4>\n<p>後台博客、產品、文章列表增加按照類目瀏覽功能<br />\n解決新版本的火狐二級導航錯位問題<br />\n優化產品列表和詳情頁面的樣式<br />\n論壇版塊描述支持html標籤顯示<br />\n修復幻燈片刪除第一個連結按鈕後無法保存的bug<br />\n處理部分麵包屑裡面的類目地址bug</p>\n<p>解決部分表徵圖無法顯示bug<br />\n調整對話框的預設樣式<br />\n區塊增加更多連結<br />\n優化編輯區塊操作體驗，編輯後停留在編輯頁面<br />\n調整文章的來源欄位類型和顯示效果<br /><span>前端</span>優化：代碼把ie8相關的js腳本打包成一個ie8.js<br />\n前端優化：將treeview.js和treeview.css打包到all.css和all.js中<br />\n將前台每個列表頁面預設記錄數改成從配置項獲取<br />\n附件列表不再顯示編輯器上傳的圖片<br />\n優化評論和留言列表的樣式<br />\n去掉論壇主題裡面p標記的margin<br />\n調整蟬知系統預設的字型大小<br />\n修改佈局的區域名稱使之更容易理解<br />\nzui裡面去掉p標記的margin<br />\n減少佈局中列與列之間的間距<br />\n導航設置預設摺疊起來<br />\n版塊編輯器增加原始碼標籤<br />\n版塊的描述欄位長度調成text類型。<br />\n解決編輯器上傳附件使用現有的圖片時，縮略圖地址錯誤的bug<br />\n調整前台首頁友情連結的樣式<br />\n留言和評論增加需要審核之後才會顯示的提示。<br />\n幻燈功能優化：<span>優化了後台管理界面</span>，排序不再需要手動點擊保存排序按鈕，<br />\n解決通過之前評論時，留言也會被通過的bug<br />\n後台刪除主題或者回帖的時候添加確認提示<br />\n前台主題的維護選項增加轉移功能<br />\n增加logo刪除功能</p>\n<p><span style=\"color:inherit;font-size:14px;font-weight:bold;line-height:1.1;\"><br /></span></p>\n<p><span style=\"color:inherit;font-size:14px;font-weight:bold;line-height:1.1;\">二、下載地址</span></p>\n源碼包：<a href=\"http://dl.xirangit.com/eps/2.4/chanzhiEPS.2.4.zip\">http://dl.xirangit.com/eps/2.4/chanzhiEPS.2.4.zip</a><br /><h4>三、安裝和升級文檔</h4>\n安裝文檔：<a href=\"http://www.chanzhi.org/book/chanzhieps/5.html\">http://www.chanzhi.org/book/chanzhieps/5.html</a><br />\n升級文檔：<a href=\"http://www.chanzhi.org/book/chanzhieps/68.html\">http://www.chanzhi.org/book/chanzhieps/68.html</a><br /><h4>四、演示</h4>\n前台演示：<a href=\"http://demo.chanzhi.org\">http://demo.chanzhi.org</a><br /><p>後台演示：<a href=\"http://demo.chanzhi.org/chanzhiadmin.php\">http://demo.chanzhi.org/chanzhiadmin.php</a></p>\n<h4>五、功能截圖</h4>\n<p><img src=\"http://www.chanzhi.org/data/upload/201406/f_88e288f0d4db03b1124f0915d1d7f85c.png\" alt=\"\" class=\"card\" /></p>\n<p><img src=\"http://www.chanzhi.org/data/upload/201406/f_fbd7d140a337affb0618f17131548a8a.png\" alt=\"\" class=\"card\" /></p>\n<p><img src=\"http://www.chanzhi.org/data/upload/201406/f_b36c0d33a50a44804463e5f8cab37182.png\" alt=\"\" class=\"card\" /></p>\n<p><img src=\"http://www.chanzhi.org/data/upload/201406/f_27bcc27d111ebb12904cd19ab5e7b206.png\" alt=\"\" class=\"card\" /></p>',	'original',	'',	'',	'admin',	'',	'2014-06-25 14:10:00',	'2014-08-25 15:19:43',	'normal',	'article',	11,	'0',	0,	'',	'',	'',	'zh-tw'),
(7,	'蟬知企業門戶2.3正式版發佈',	'chanzhi2.3',	'企業建站系統,企業門戶,開源CMS,免費cms',	'大家好，蟬知2.3正式版正式發佈了。主要改進有：提供iis下面的重寫規則、增加產品自定義屬性、增強幻燈片功能、增加空間圖片調用功能。',	'<h4>提示：</h4>\n<p>1、這次升級我們修改了<span>蟬知系統版權</span>，請大家仔細閲讀。</p>\n<p>     蟬知系統版權： <a href=\"http://www.chanzhi.org/book/chanzhieps/58_license.html\">http://www.chanzhi.org/book/chanzhieps/58_license.html</a></p>\n<p>2、後台站點設置添加了首頁關鍵字，首頁標題算法改為首頁關鍵字+站點名稱，升級後需要大家根據需要重新設置一下。</p>\n<h4>一、2.3修改記錄</h4>\n<ol><li><span style=\"line-height:1.428571429;\">博客頁面應當增加對所有頁面區塊的支持</span></li>\n<li><span style=\"line-height:1.428571429;\">解決文章詳情頁面微博推廣按鈕不刪除驗證代碼就不能顯示問題</span></li>\n<li><span style=\"line-height:1.428571429;\">解決寬屏主題登錄註冊按鈕不顯示問題</span></li>\n<li><span style=\"line-height:1.428571429;\">解決部署在二級目錄時微信的接入地址的bug </span></li>\n<li><span style=\"line-height:1.428571429;\">解決後台的用戶列表中重複顯示的bug </span></li>\n<li><span style=\"line-height:1.428571429;\">修復新浪會員連結</span></li>\n<li><span style=\"line-height:1.428571429;\">單頁可以控制頁面的佈局</span></li>\n<li><span style=\"line-height:1.428571429;\">優化時間顯示，去除00:00的顯示</span></li>\n<li><span style=\"line-height:1.428571429;\">文章的來源增加翻譯選項</span></li>\n<li><span style=\"line-height:1.428571429;\">二維碼的圖片縮小了一些</span></li>\n<li><span style=\"line-height:1.428571429;\">後台設置開放登錄的表徵圖用亮色的</span></li>\n<li><span style=\"line-height:1.428571429;\">刪除zepto.js檔案</span></li>\n<li><span style=\"line-height:1.428571429;\">調整蟬知預設的字型的大小</span></li>\n<li><span style=\"line-height:1.428571429;\">留言的表徵圖採用亮色的</span></li>\n<li><span style=\"line-height:1.428571429;\">增加檢查更新的功能</span></li>\n<li><span style=\"line-height:1.428571429;\">安裝升級界面添加蟬知協議</span></li>\n<li>論壇版塊和博客類目的別名不能使用數字</li>\n<li><span style=\"line-height:1.428571429;\">論壇後台的回帖連結應當新開頁面</span></li>\n<li><span style=\"line-height:1.428571429;\">個人中心我的主題裡面，最新回帖顯示真實姓名</span></li>\n<li><span style=\"line-height:1.428571429;\">論壇發貼的時候，判斷所屬版塊是否存在且可讀</span></li>\n<li><span style=\"line-height:1.428571429;\">論壇版塊列表頁面的版主顯示真實姓名</span></li>\n<li><span style=\"line-height:1.428571429;\">管理員或者版主身份在前台顯示的時候應當給予標識</span></li>\n<li><span style=\"line-height:1.428571429;\">論壇增加帖子轉移功能</span></li>\n<li><span style=\"line-height:1.428571429;\">後台單獨增加一個首頁關鍵詞的設置</span></li>\n<li><span style=\"line-height:1.428571429;\">升級程序需要處理之前的站點描述信息，將html標籤去掉</span></li>\n<li><span style=\"line-height:1.428571429;\">產品購買連結新窗口打開</span></li>\n<li><span style=\"line-height:1.428571429;\">提供了iis下面的重寫規則</span></li>\n<li><span style=\"line-height:1.428571429;\">頭部區域的logo，站點口號，登錄註冊也用區塊顯示</span></li>\n<li><span style=\"line-height:1.428571429;\">整理英語下面的翻譯</span></li>\n<li><span style=\"line-height:1.428571429;\">首頁佈局調整，使之能顯示最新產品</span></li>\n<li><span style=\"line-height:1.428571429;\">編輯器裡面的圖片庫，檔案庫可以從我們附件表裡面選擇</span></li>\n<li><span style=\"line-height:1.428571429;\">對於禁用的會員，希望後台可以增加解除禁用功能</span></li>\n<li><span style=\"line-height:1.428571429;\">公司簡介區塊更多連結放在標題右側</span></li>\n<li><span style=\"line-height:1.428571429;\">文章列表顯示的條目數可自己設置。</span></li>\n<li><span style=\"line-height:1.428571429;\">站點增加類型設置，可以選擇企業門戶或者個人門戶</span></li>\n<li><span style=\"line-height:1.428571429;\">幻燈文字和圖片給予提示</span></li>\n<li><span style=\"line-height:1.428571429;\">幻燈可以有多個按鈕</span></li>\n<li><span style=\"line-height:1.428571429;\">每一個幻燈都可以指定文字的顏色和背景色</span></li>\n<li><span style=\"line-height:1.428571429;\">幻燈可以使用純色來實現</span></li>\n<li><span style=\"line-height:1.428571429;\">實現產品自定義屬性功能</span></li>\n<li><span style=\"line-height:1.428571429;\">解決一鍵安裝包qq開放登錄的問題</span></li>\n</ol><h4>二、下載地址</h4>\n<p>源碼包：<a href=\"http://dl.xirangit.com/eps/2.3/chanzhiEPS.2.3.zip\">http://dl.xirangit.com/eps/2.3/chanzhiEPS.2.3.zip</a></p>\n<h4>三、安裝和升級文檔</h4>\n<p>安裝文檔：<a href=\"http://www.chanzhi.org/book/chanzhieps/5.html\">http://www.chanzhi.org/book/chanzhieps/5.html</a></p>\n<p>升級文檔：<a href=\"http://www.chanzhi.org/book/chanzhieps/68.html\">http://www.chanzhi.org/book/chanzhieps/68.html</a></p>\n<h4>四、演示</h4>\n<p>前台演示：<a href=\"http://demo.chanzhi.org/\">http://demo.chanzhi.org</a></p>\n<p>後台演示：<a href=\"http://demo.chanzhi.org/chanzhiadmin.php\">http://demo.chanzhi.org/chanzhiadmin.php</a></p>\n<h4>五、功能截圖</h4>\n<p><img src=\"http://www.chanzhi.org/data/upload/201405/f_621601c6a91fdeaf4d0ae19ad6407191.gif\" alt=\"\" /></p>\n<p><img src=\"http://www.chanzhi.org/data/upload/201405/f_630c95eeafa23d91cd7cbf61635d263f.gif\" alt=\"\" /></p>',	'original',	'',	'',	'admin',	'',	'2014-05-16 10:10:00',	'2014-08-25 15:20:58',	'normal',	'article',	12,	'0',	0,	'',	'',	'',	'zh-tw'),
(8,	'蟬知企業門戶2.2.1版本發佈',	'chanzhieps2.2.1',	'企業建站系統,企業門戶,開源CMS,免費cms',	'小更新，蟬知2.2.1發佈，這次更新主要是解決一些bug，加一些細節調整。',	'<h4>一、2.2.1修改記錄</h4>\n<p>  1 調整評論頁面的文案。</p>\n  2 聯繫我們頁面增加二維碼展示。<br />\n  3 密碼錯誤觸發鎖定次數增加到5次，禁用時間縮短到3分鐘。<br />\n  4 博客列表評論按鈕添加連結。 <br />\n  5 會員管理頁面添加微博和qq會員的顯示。<br />\n  6 修改在綫QQ的連接。<br /><p>  7 把oauth類的get方法去掉file_get_contents方式，只用CURL方式。</p>\n<p>  8 解決php magic_quotes_gpc 打開時中文內容存儲失敗的bug。 </p>\n<p><span style=\"color:inherit;font-size:16px;font-weight:bold;line-height:1.1;\"><br /></span></p>\n<p><span style=\"color:inherit;font-size:16px;font-weight:bold;line-height:1.1;\">二、下載地址</span></p>\n<p><span style=\"font-size:14px;line-height:1.428571429;\">源碼包：</span><a href=\"http://dl.xirangit.com/eps/2.2/chanzhiEPS.2.2.1.zip\">http://dl.xirangit.com/eps/2.2/chanzhiEPS.2.2.1.zip</a></p>\n<p>安裝包：<a href=\"http://dl.xirangit.com/eps/2.2/chanzhiEPS.2.2.1.exe\">http://dl.xirangit.com/eps/2.2/chanzhiEPS.2.2.1.exe</a></p>\n<p><br /></p>\n<p><span style=\"color:inherit;font-size:16px;font-weight:bold;line-height:1.1;\">三、安裝和升級文檔  </span></p>\n<p>安裝文檔：<a href=\"http://www.chanzhi.org/book/chanzhieps/5.html\">http://www.chanzhi.org/book/chanzhieps/5.html</a></p>\n<p>升級文檔：<a href=\"http://www.chanzhi.org/book/chanzhieps/68.html\">http://www.chanzhi.org/book/chanzhieps/68.html</a></p>\n<p><br /></p>\n<p>前台演示：<a href=\"http://demo.chanzhi.org/\">http://demo.chanzhi.org</a></p>\n<p>後台演示：<a href=\"http://demo.chanzhi.org/chanzhiadmin.php\">http://demo.chanzhi.org/chanzhiadmin.php</a></p>',	'original',	'',	'',	'admin',	'',	'2014-04-01 10:40:00',	'2014-08-25 15:22:03',	'normal',	'article',	12,	'0',	0,	'',	'',	'',	'zh-tw'),
(9,	'蟬知企業門戶2.2版本發佈，全面整合微信！',	'chanzhieps2.2',	'微信營銷系統,微網站,企業建站,移動建站',	'大家好，蟬知企業門戶系統2.2正式版正式發佈了！這次升級整合了微信公眾號的應用，主要功能有：公眾號接入、公眾號菜單定義、關鍵字自動回覆設置、二維碼顯示、粉絲消息獲取和回覆、粉絲管理。另外還添加了新的寬屏主題、重新組成後台反饋相關的功能，使用更加方便。',	'<p>大家好，蟬知企業門戶系統2.2正式版正式發佈了！該版本全面整合了微信公眾號平台，包括：公眾號接入、公眾號菜單定義、關鍵字自動回覆設置、二維碼顯示、粉絲消息獲取和回覆、粉絲管理。另外還添加了新的寬屏主題、重新組成後台反饋相關的功能，使用更加方便。</p>\n<h4>一、修改記錄</h4>\n<ol><li><span style=\"line-height:1.428571429;\">後台設置logo頁面調整</span></li>\n<li><span style=\"line-height:1.428571429;\">論壇帖子用戶信息調整</span></li>\n<li><span style=\"line-height:1.428571429;\">調整反饋，將留言、評論、主題、回帖，將其集中在一起。</span></li>\n<li><span style=\"line-height:1.428571429;\">添加微信公眾號接入功能</span></li>\n<li><span style=\"line-height:1.428571429;\">添加公眾號會員查看功能</span></li>\n<li><span style=\"line-height:1.428571429;\">添加公眾號消息管理功能</span></li>\n<li><span style=\"line-height:1.428571429;\">添加公眾號菜單、關鍵字、訂閲回覆、預設回覆的管理功能</span></li>\n<li><span style=\"line-height:1.428571429;\">新增寬屏主題</span></li>\n<li><span style=\"line-height:1.428571429;\">前台添加微信公眾號和手機訪問二維碼顯示</span></li>\n<li><span style=\"line-height:1.428571429;\">禁止百度自動轉碼</span><span style=\"line-height:1.428571429;\">。</span><br /></li>\n</ol><h4 style=\"color:#333333;\">二、新特性截圖</h4>\n<p><br /></p>\n<p><strong>2.1 前台顯示微信公眾號的二維碼以及當前網址的二維碼。</strong><strong><br /></strong></p>\n<p><strong><img src=\"http://www.chanzhi.org/data/upload/201403/f_0f4feaade60a500a295320cf7f57b7b2.jpg\" alt=\"\" /></strong><strong><br /></strong></p>\n<p><strong><br /></strong></p>\n<p><strong>2.2 後台的微信功能設置</strong><strong><br /></strong></p>\n<p><strong><img src=\"http://www.chanzhi.org/data/upload/201403/f_6fd64ba21b03ee7a1b4b2cdb019ef7bd.jpg\" alt=\"\" /><br /></strong></p>\n<p><strong><br /></strong></p>\n<p><strong>2.3 微信界面截圖</strong></p>\n<p><strong><img src=\"http://www.chanzhi.org/data/upload/201403/f_e1aa3a6106f7f37395d42e637254091a.jpg\" alt=\"\" /><br /></strong></p>\n<h4 style=\"color:#333333;\">三、下載地址</h4>\n<p>源碼包：<a href=\"http://dl.xirangit.com/eps/2.2/chanzhiEPS.2.2.zip\">http://dl.xirangit.com/eps/2.2/chanzhiEPS.2.2.zip</a></p>\n<p>安裝包：<a href=\"http://dl.xirangit.com/eps/2.2/chanzhiEPS.2.2.exe\">http://dl.xirangit.com/eps/2.2/chanzhiEPS.2.2.exe</a></p>\n<p><br /></p>\n<p><span style=\"color:inherit;font-size:16px;font-weight:bold;line-height:1.1;\">四、安裝和升級文檔  </span></p>\n<p>安裝文檔：<a href=\"http://www.chanzhi.org/book/chanzhieps/5.html\">http://www.chanzhi.org/book/chanzhieps/5.html</a></p>\n<p>升級文檔：<a href=\"http://www.chanzhi.org/book/chanzhieps/68.html\">http://www.chanzhi.org/book/chanzhieps/68.html</a></p>\n<p><br /></p>\n<p>前台演示：<a href=\"http://demo.chanzhi.org/\">http://demo.chanzhi.org</a></p>\n<p>後台演示：<a href=\"http://demo.chanzhi.org/chanzhiadmin.php\">http://demo.chanzhi.org/chanzhiadmin.php</a></p>\n<p><br /></p>\n<p><span style=\"color:inherit;font-size:16px;font-weight:bold;line-height:1.1;\">五、蟬知系統微信整合手冊</span></p>\n<p><span style=\"color:inherit;font-size:16px;font-weight:bold;line-height:1.1;\"><br /></span></p>\n<p>蟬知系統微信整合手冊：<a href=\"http://www.chanzhi.org/book/weixin.html\">http://www.chanzhi.org/book/weixin.html</a></p>',	'original',	'',	'',	'admin',	'',	'2014-03-24 16:00:00',	'2014-08-25 15:24:48',	'normal',	'article',	12,	'0',	0,	'',	'',	'',	'zh-tw'),
(10,	'蟬知企業門戶系統2.1正式版發佈',	'chanzhieps2.1',	'手機建站系統,企業建站系統,微信網站,免費企業建站',	'大家好，蟬知企業門戶系統2.1正式版今天正式發佈了。這次升級主要是手機終端界面的優化和區塊功能改進，同時還解決了之前版本產品和博客分頁功能等bug。',	'<h4 style=\"color:#333333;\">一、2.1修改記錄</h4>\n<ol><li>區塊增加表徵圖設置功能</li>\n<li>佈局設置增加區塊寬度設置功能</li>\n<li>觸屏設備訪問時幻燈片增加拖動支持</li>\n<li><span style=\"line-height:1.428571429;\">論壇帖子最後編輯者改為真實姓名</span></li>\n<li><span style=\"line-height:1.428571429;\">關於我們頁面使用區塊把聯繫我們放在右側</span></li>\n<li><span style=\"line-height:1.428571429;\">批量維護手冊章節的時候添加發佈時間</span></li>\n<li><span style=\"line-height:1.428571429;\">編輯手冊文章的時候增加發佈時間的欄位</span></li>\n<li><span style=\"line-height:1.428571429;\">重新調整h1-h6標籤的字型大小</span></li>\n<li><span style=\"line-height:1.428571429;\">解決置頂帖子用戶姓名問題</span></li>\n<li><span style=\"line-height:1.428571429;\">修改版權提示的格式</span></li>\n<li><span style=\"line-height:1.428571429;\">修復分頁的bug</span></li>\n<li><span style=\"line-height:1.428571429;\">幻燈排序在ie10下面有問題。</span></li>\n<li><span style=\"line-height:1.428571429;\">修復ie10下面藍色風格的問題</span></li>\n<li><span style=\"line-height:1.428571429;\">精簡文章詳情頁面的上一篇下一篇的導航文字</span></li>\n<li><span style=\"line-height:1.428571429;\">調整留言頁面回覆內容的縮進和字型大小</span></li>\n<li><span style=\"line-height:1.428571429;\">優化移動版本頭尾的處理</span></li>\n<li><span style=\"line-height:1.428571429;\">管理員身份回帖的時候應當使用全編輯器</span></li>\n<li><span style=\"line-height:1.428571429;\">論壇帖子發貼框的寬度調整。把只讀放在後面。</span></li>\n<li><span style=\"line-height:1.428571429;\">調整論壇列表頁面各列的寬度</span></li>\n<li><span style=\"line-height:1.428571429;\">以管理員身份發表評論或者留言，預設狀態為通過。</span></li>\n<li><span style=\"line-height:1.428571429;\">後台管理員回覆一篇評論或留言之後，預設將其狀態改為通過</span></li>\n<li><span style=\"line-height:1.428571429;\">修改郵箱預設配置，將騰訊郵箱預設改為465 </span></li>\n<li><span style=\"line-height:1.428571429;\">如果發貼用戶已被刪除，帖子列表頁面的最後回覆取用戶名</span></li>\n<li><span style=\"line-height:1.428571429;\">論壇出現版主的地方也都顯示真實姓名</span></li>\n<li><span style=\"line-height:1.428571429;\">將user模組的getRealName()方法改為getRealNamePairs()</span></li>\n<li><span style=\"line-height:1.428571429;\">調整模擬的alert和confirm框的樣式</span></li>\n<li><span style=\"line-height:1.428571429;\">論壇帖子列表的時候顯示用戶的真實姓名</span></li>\n<li><span style=\"line-height:1.428571429;\">留言者區分是否是登錄用戶</span></li>\n<li><span style=\"line-height:1.428571429;\">論壇的板塊設置提示需要二級板塊</span></li>\n<li><span style=\"line-height:1.428571429;\">區塊首頁底部的命名改為中部。</span></li>\n<li><span style=\"line-height:1.428571429;\">調整文章，產品無類目時的交互方式</span></li>\n<li><span style=\"line-height:1.428571429;\">重置密碼功能把resetKey，resetTime合成一個欄位</span></li>\n<li><span style=\"line-height:1.428571429;\">論壇控製圖片大小</span></li>\n</ol><h4 style=\"color:#333333;\">二、手機訪問截圖</h4>\n<p><img src=\"http://www.chanzhi.org/data/upload/201403/f_59e4b4d8216516649c97804813b14af2.jpg\" alt=\"\" title=\"\" height=\"540\" width=\"304\" /><img src=\"http://www.chanzhi.org/data/upload/201403/f_702d92775d4dcdd983e5be1d998d566b.jpg\" alt=\"\" title=\"\" height=\"540\" width=\"304\" /></p>\n<p><img src=\"http://www.chanzhi.org/data/upload/201403/f_4ca0b9700f909cabc75ecc00f60ee7a0.jpg\" alt=\"\" title=\"\" height=\"540\" width=\"304\" /><img src=\"http://www.chanzhi.org/data/upload/201403/f_0831fb8306a661c9ab6cb1a87d16b5ba.jpg\" alt=\"\" title=\"\" height=\"540\" width=\"304\" /><img src=\"http://www.chanzhi.org/data/upload/201403/f_dfa6504be3a605561262e18d4d5eb63f.png\" alt=\"\" title=\"\" height=\"540\" width=\"304\" /></p>\n<h4 style=\"color:#333333;\">三、下載地址</h4>\n<p>源碼包：<a href=\"http://dl.xirangit.com/eps/2.1/chanzhiEPS.2.1.zip\">http://dl.xirangit.com/eps/2.1/chanzhiEPS.2.1.zip</a><br />\n安裝包：<a href=\"http://dl.xirangit.com/eps/2.1/chanzhiEPS.2.1.exe\">http://dl.xirangit.com/eps/2.1/chanzhiEPS.2.1.exe</a></p>\n<h4 style=\"color:#333333;\">四、安裝和升級文檔  </h4>\n<p>安裝文檔：<a href=\"http://www.chanzhi.org/book/chanzhieps/5.html\">http://www.chanzhi.org/book/chanzhieps/5.html</a><br />\n升級文檔：<a href=\"http://www.chanzhi.org/book/chanzhieps/68.html\">http://www.chanzhi.org/book/chanzhieps/68.html</a><br />\n前台演示：<a href=\"http://demo.chanzhi.org/\">http://demo.chanzhi.org</a></p>\n<p>後台演示：<a href=\"http://demo.chanzhi.org/chanzhiadmin.php\">http://demo.chanzhi.org/chanzhiadmin.php</a></p>',	'original',	'',	'',	'admin',	'',	'2014-03-03 09:50:00',	'2014-08-25 15:26:45',	'normal',	'article',	12,	'0',	0,	'',	'',	'',	'zh-tw'),
(11,	'關於我們',	'about',	'',	'',	'這好',	'original',	'',	'',	'',	'',	'2014-10-08 14:38:00',	'2014-10-08 17:40:23',	'normal',	'page',	1,	'0',	0,	'',	'',	'',	'zh-tw'),
(12,	'明天還是明天',	'',	'',	'',	'明天還是明天',	'original',	'',	'',	'demo',	'',	'2014-10-08 17:44:00',	'2014-10-08 17:44:59',	'normal',	'article',	7,	'0',	0,	'',	'',	'',	'zh-tw');

UPDATE `eps_block` SET `content` = '{\"group\":\"15\"}' WHERE template = 'default' AND `type` = 'slide';

INSERT INTO `eps_book` (`id`, `title`, `alias`, `keywords`, `summary`, `content`, `type`, `parent`, `path`, `grade`, `author`, `editor`, `addedDate`, `editedDate`, `views`, `order`, `lang`) VALUES
(1,	'常見問題',	'faq',	'',	'在使用蟬知企業門戶系統的過程中，遇到的常見問題解答。',	'',	'book',	0,	',1,',	1,	'admin',	'demo',	'2014-08-25 14:00:07',	'2014-08-26 11:42:41',	0,	1,	'zh-tw'),
(2,	'常見問題',	'',	'',	'',	'<span style=\"color:#333333;font-family:\'Helvetica Neue\', Helvetica, Tahoma, Arial, sans-serif;line-height:22px;background-color:#FFFFFF;\"><span style=\"font-weight:700;\">1、蟬知密碼加密邏輯是什麼？</span></span><br /><span style=\"color:#333333;font-family:\'Helvetica Neue\', Helvetica, Tahoma, Arial, sans-serif;line-height:22px;background-color:#FFFFFF;\">md5(md5(password).aacount))</span><br /><br /><span style=\"color:#333333;font-family:\'Helvetica Neue\', Helvetica, Tahoma, Arial, sans-serif;line-height:22px;background-color:#FFFFFF;\"><span style=\"font-weight:700;\">2、重裝蟬知系統怎麼操作？</span></span><br /><span style=\"color:#333333;font-family:\'Helvetica Neue\', Helvetica, Tahoma, Arial, sans-serif;line-height:22px;background-color:#FFFFFF;\">config/my.php把install設成false。或者把config/my.php刪掉，重新安裝就可以了。</span><br /><br /><span style=\"color:#333333;font-family:\'Helvetica Neue\', Helvetica, Tahoma, Arial, sans-serif;line-height:22px;background-color:#FFFFFF;\"><span style=\"font-weight:700;\">3、蟬知代碼修改過，升級會不會導致衝突，原先的設置會改動掉嗎？</span></span><br /><p style=\"color:#333333;font-family:\'Helvetica Neue\', Helvetica, Tahoma, Arial, sans-serif;background-color:#FFFFFF;\"><span>用我們的擴展體系的話代碼不會覆蓋。</span></p>\n<p style=\"color:#333333;font-family:\'Helvetica Neue\', Helvetica, Tahoma, Arial, sans-serif;background-color:#FFFFFF;\"><span>最起碼可以保證修改的代碼和主幹代碼從檔案存儲上隔離的，不會造成代碼被覆蓋。</span></p>\n<p style=\"color:#333333;font-family:\'Helvetica Neue\', Helvetica, Tahoma, Arial, sans-serif;background-color:#FFFFFF;\"><span>功能可能會有衝突，適當做一些調整就可以了。</span></p>\n<br /><span style=\"color:#333333;font-family:\'Helvetica Neue\', Helvetica, Tahoma, Arial, sans-serif;line-height:22px;background-color:#FFFFFF;\"><span style=\"font-weight:700;\">4、蟬知安裝跳過設置管理員密碼步驟的問題。</span></span><br /><span style=\"color:#333333;font-family:\'Helvetica Neue\', Helvetica, Tahoma, Arial, sans-serif;line-height:22px;background-color:#FFFFFF;\">找下安裝時的錯誤日誌，估計是php的session設置有問題。</span><br /><span style=\"color:#333333;font-family:\'Helvetica Neue\', Helvetica, Tahoma, Arial, sans-serif;line-height:22px;background-color:#FFFFFF;\">具體可參照：<a href=\"http://www.chanzhi.org/thread/177.html\">http://www.chanzhi.org/thread/177.html</a></span><br /><br /><span style=\"color:#333333;font-family:\'Helvetica Neue\', Helvetica, Tahoma, Arial, sans-serif;line-height:22px;background-color:#FFFFFF;\"><span style=\"font-weight:700;\">5、如何配置伺服器使用靜態url功能?</span></span><br /><span style=\"color:#333333;font-family:\'Helvetica Neue\', Helvetica, Tahoma, Arial, sans-serif;line-height:22px;background-color:#FFFFFF;\">首先伺服器要支持url重寫。如果伺服器支持把system/config/my.php裡面的get改成PATH_INFO（大寫）</span><br /><span style=\"color:#333333;font-family:\'Helvetica Neue\', Helvetica, Tahoma, Arial, sans-serif;line-height:22px;background-color:#FFFFFF;\">具體可參照：<a href=\"http://www.chanzhi.org/book/chanzhieps/62.html\">http://www.chanzhi.org/book/chanzhieps/62.html</a></span><br /><br /><span style=\"color:#333333;font-family:\'Helvetica Neue\', Helvetica, Tahoma, Arial, sans-serif;line-height:22px;background-color:#FFFFFF;\"><span style=\"font-weight:700;\">6、已經配置靜態url，為什麼不能實現收錄？</span></span><br /><span style=\"color:#333333;font-family:\'Helvetica Neue\', Helvetica, Tahoma, Arial, sans-serif;line-height:22px;background-color:#FFFFFF;\">百度有沙盒期，長的有一個月。</span><br /><br /><span style=\"color:#333333;font-family:\'Helvetica Neue\', Helvetica, Tahoma, Arial, sans-serif;line-height:22px;background-color:#FFFFFF;\"><span style=\"font-weight:700;\">7、蟬知後台的管理員密碼忘了怎麼辦？</span></span><br /><span style=\"color:#333333;font-family:\'Helvetica Neue\', Helvetica, Tahoma, Arial, sans-serif;line-height:22px;background-color:#FFFFFF;\">從前台註冊一個賬號，把資料庫admin欄位改成super。</span><br /><br /><span style=\"color:#333333;font-family:\'Helvetica Neue\', Helvetica, Tahoma, Arial, sans-serif;line-height:22px;background-color:#FFFFFF;\"><span style=\"font-weight:700;\">8、本機上調試好網站和資料庫上傳伺服器，域名和資料庫配置在哪裡改？</span></span><br /><span style=\"color:#333333;font-family:\'Helvetica Neue\', Helvetica, Tahoma, Arial, sans-serif;line-height:22px;background-color:#FFFFFF;\">在config/my.php修改。另外不建議本地搭建再上傳，環境不一致可能會產生一些問題，直接線上安裝最保險。</span><br /><br /><span style=\"color:#333333;font-family:\'Helvetica Neue\', Helvetica, Tahoma, Arial, sans-serif;line-height:22px;background-color:#FFFFFF;\"><span style=\"font-weight:700;\">9、如何做代碼調試，查找錯誤？</span></span><br /><span style=\"color:#333333;font-family:\'Helvetica Neue\', Helvetica, Tahoma, Arial, sans-serif;line-height:22px;background-color:#FFFFFF;\">把config/my.php裡面的debug可以設為2。</span><br /><span style=\"color:#333333;font-family:\'Helvetica Neue\', Helvetica, Tahoma, Arial, sans-serif;line-height:22px;background-color:#FFFFFF;\">或者在tmp/log/ 當天的日誌裡查找。</span><br /><br /><span style=\"color:#333333;font-family:\'Helvetica Neue\', Helvetica, Tahoma, Arial, sans-serif;line-height:22px;background-color:#FFFFFF;\"><span style=\"font-weight:700;\">10、雲蟬知註冊/解析了域名，怎麼找不到了？</span></span><br /><span style=\"color:#333333;font-family:\'Helvetica Neue\', Helvetica, Tahoma, Arial, sans-serif;line-height:22px;background-color:#FFFFFF;\">如果一個月域名沒解析的話，後台會自動刪除域名。</span><br /><span style=\"color:#333333;font-family:\'Helvetica Neue\', Helvetica, Tahoma, Arial, sans-serif;line-height:22px;background-color:#FFFFFF;\">或者是域名解析不成功，推薦使用DNSPOD解析。</span><br /><br /><span style=\"color:#333333;font-family:\'Helvetica Neue\', Helvetica, Tahoma, Arial, sans-serif;line-height:22px;background-color:#FFFFFF;\"><span style=\"font-weight:700;\">11、文章分類不想按照最新排列，文章排序置頂如何設置？</span></span><br /><span style=\"color:#333333;font-family:\'Helvetica Neue\', Helvetica, Tahoma, Arial, sans-serif;line-height:22px;background-color:#FFFFFF;\">文章是按照發佈時間排列的，直接編輯發佈時間就可以實現。</span><br /><br /><span style=\"color:#333333;font-family:\'Helvetica Neue\', Helvetica, Tahoma, Arial, sans-serif;line-height:22px;background-color:#FFFFFF;\"><span style=\"font-weight:700;\">12、類目描述不超過150個字，這個怎麼修改？</span></span><br /><span style=\"color:#333333;font-family:\'Helvetica Neue\', Helvetica, Tahoma, Arial, sans-serif;line-height:22px;background-color:#FFFFFF;\">修改eps_category表裡面的desc欄位。</span><br /><br /><span style=\"color:#333333;font-family:\'Helvetica Neue\', Helvetica, Tahoma, Arial, sans-serif;line-height:22px;background-color:#FFFFFF;\"><span style=\"font-weight:700;\">13、論壇設置了版塊，為什麼前台沒有顯示？</span></span><br /><span style=\"color:#333333;font-family:\'Helvetica Neue\', Helvetica, Tahoma, Arial, sans-serif;line-height:22px;background-color:#FFFFFF;\">論壇版塊需要設置兩級版塊才能正常顯示。</span><br /><br /><span style=\"color:#333333;font-family:\'Helvetica Neue\', Helvetica, Tahoma, Arial, sans-serif;line-height:22px;background-color:#FFFFFF;\"><span style=\"font-weight:700;\">14、統計代碼要怎麼加到網站？</span></span><br /><span style=\"color:#333333;font-family:\'Helvetica Neue\', Helvetica, Tahoma, Arial, sans-serif;line-height:22px;background-color:#FFFFFF;\">可以參照：<a href=\"http://www.chanzhi.org/book/chanzhieps/83.html\">http://www.chanzhi.org/book/chanzhieps/83.html</a></span><br /><span style=\"color:#333333;font-family:\'Helvetica Neue\', Helvetica, Tahoma, Arial, sans-serif;line-height:22px;background-color:#FFFFFF;\">營銷QQ，百度統計、地圖等都可參考統計代碼的添加方法。位置都可以通過css或者js控制。</span><br /><br /><span style=\"color:#333333;font-family:\'Helvetica Neue\', Helvetica, Tahoma, Arial, sans-serif;line-height:22px;background-color:#FFFFFF;\"><span style=\"font-weight:700;\">15、如何通過區塊用css控制雲蟬知站點樣式?</span></span><br /><span style=\"color:#333333;font-family:\'Helvetica Neue\', Helvetica, Tahoma, Arial, sans-serif;line-height:22px;background-color:#FFFFFF;\">可以參照：<a href=\"http://www.chanzhi.org/thread/99.html\">http://www.chanzhi.org/thread/99.html</a></span><br /><br /><span style=\"color:#333333;font-family:\'Helvetica Neue\', Helvetica, Tahoma, Arial, sans-serif;line-height:22px;background-color:#FFFFFF;\"><span style=\"font-weight:700;\">16、如何去掉底部蟬知連結?</span></span><br /><span style=\"color:#333333;font-family:\'Helvetica Neue\', Helvetica, Tahoma, Arial, sans-serif;line-height:22px;background-color:#FFFFFF;\">一個域名需要360元的授權費用。建議大家保留。</span><br /><span style=\"color:#333333;font-family:\'Helvetica Neue\', Helvetica, Tahoma, Arial, sans-serif;line-height:22px;background-color:#FFFFFF;\">具體可閲讀蟬知的授權協議：<a href=\"http://www.chanzhi.org/book/chanzhieps/58_license.html\">http://www.chanzhi.org/book/chanzhieps/58_license.html</a></span><br /><br /><span style=\"color:#333333;font-family:\'Helvetica Neue\', Helvetica, Tahoma, Arial, sans-serif;line-height:22px;background-color:#FFFFFF;\"><span style=\"font-weight:700;\">17、如何設置背景照片？</span></span><br /><span style=\"color:#333333;font-family:\'Helvetica Neue\', Helvetica, Tahoma, Arial, sans-serif;line-height:22px;background-color:#FFFFFF;\">自定義原始碼區塊，用css調試。上傳的圖片，可以通過查看原始碼看到地址。</span><br /><br /><span style=\"color:#333333;font-family:\'Helvetica Neue\', Helvetica, Tahoma, Arial, sans-serif;line-height:22px;background-color:#FFFFFF;\"><span style=\"font-weight:700;\">18、蟬知有沒有站內搜索功能？</span></span><br /><span style=\"color:#333333;font-family:\'Helvetica Neue\', Helvetica, Tahoma, Arial, sans-serif;line-height:22px;background-color:#FFFFFF;\">目前暫時沒有這個功能，已計劃開發。</span><br /><br /><span style=\"color:#333333;font-family:\'Helvetica Neue\', Helvetica, Tahoma, Arial, sans-serif;line-height:22px;background-color:#FFFFFF;\"><span style=\"font-weight:700;\">19、怎麼添加更多的後台管理員，並設置相關權限？</span></span><br /><span style=\"color:#333333;font-family:\'Helvetica Neue\', Helvetica, Tahoma, Arial, sans-serif;line-height:22px;background-color:#FFFFFF;\">前台註冊會員，後台會員裡設置成管理員。管理員權限目前不能自定義，後期將會完善此功能。</span><br /><br /><span style=\"color:#333333;font-family:\'Helvetica Neue\', Helvetica, Tahoma, Arial, sans-serif;line-height:22px;background-color:#FFFFFF;\"><span style=\"font-weight:700;\">20、怎麼刪除蟬知會員。</span></span><br /><span style=\"color:#333333;font-family:\'Helvetica Neue\', Helvetica, Tahoma, Arial, sans-serif;line-height:22px;background-color:#FFFFFF;\">蟬知暫時沒有刪除會員功能，在後台會員永久禁用就可以了。</span><br /><br /><span style=\"color:#333333;font-family:\'Helvetica Neue\', Helvetica, Tahoma, Arial, sans-serif;line-height:22px;background-color:#FFFFFF;\"><span style=\"font-weight:700;\">21、網址裡面含有中文，微信解析不了？</span></span><br /><span style=\"color:#333333;font-family:\'Helvetica Neue\', Helvetica, Tahoma, Arial, sans-serif;line-height:22px;background-color:#FFFFFF;\">微信介面不支持中文地址，最好不要使用中文別名。整合微信功能必須使用系統80連接埠安裝蟬知。</span><br /><br /><span style=\"color:#333333;font-family:\'Helvetica Neue\', Helvetica, Tahoma, Arial, sans-serif;line-height:22px;background-color:#FFFFFF;\"><span style=\"font-weight:700;\">22、蟬知支持多語言嗎？</span></span><br /><p style=\"color:#333333;font-family:\'Helvetica Neue\', Helvetica, Tahoma, Arial, sans-serif;background-color:#FFFFFF;\"><span>蟬知系統本身支持多語言，可在站點設置裡設置系統前台使用的語言（簡體、繁體、English）。</span></p>\n<p style=\"color:#333333;font-family:\'Helvetica Neue\', Helvetica, Tahoma, Arial, sans-serif;background-color:#FFFFFF;\"><span>蟬知的後台編輯頁面也可直接進行語言設置。</span></p>\n<span style=\"color:#333333;font-family:\'Helvetica Neue\', Helvetica, Tahoma, Arial, sans-serif;line-height:22px;background-color:#FFFFFF;\">目前蟬知不支持內容級的多語言。需要搭建多語言網站，建議搭建多個站點。</span><br /><br /><span style=\"color:#333333;font-family:\'Helvetica Neue\', Helvetica, Tahoma, Arial, sans-serif;line-height:22px;background-color:#FFFFFF;\"><span style=\"font-weight:700;\">23、蟬知有數據導入功能嗎？</span></span><br /><p style=\"color:#333333;font-family:\'Helvetica Neue\', Helvetica, Tahoma, Arial, sans-serif;background-color:#FFFFFF;\"><span>目前沒有這個功能。</span></p>\n<p style=\"color:#333333;font-family:\'Helvetica Neue\', Helvetica, Tahoma, Arial, sans-serif;background-color:#FFFFFF;\"><span>如果數據格式和蟬知的不一樣，建議先綫下寫個轉換程序，轉換成蟬知資料庫，自己找個空間託管。</span></p>\n<p style=\"color:#333333;font-family:\'Helvetica Neue\', Helvetica, Tahoma, Arial, sans-serif;background-color:#FFFFFF;\"><span>或者聯繫我們導入線上（我們會收取一定的費用）。</span></p>\n<br /><span style=\"color:#333333;font-family:\'Helvetica Neue\', Helvetica, Tahoma, Arial, sans-serif;line-height:22px;background-color:#FFFFFF;\"><span style=\"font-weight:700;\">24、蟬知有沒有備份功能？</span></span><br /><span style=\"color:#333333;font-family:\'Helvetica Neue\', Helvetica, Tahoma, Arial, sans-serif;line-height:22px;background-color:#FFFFFF;\">蟬知沒有直接備份功能。附件複製就可以，資料庫自己備份就行。</span><br /><span style=\"color:#333333;font-family:\'Helvetica Neue\', Helvetica, Tahoma, Arial, sans-serif;line-height:22px;background-color:#FFFFFF;\">可參照：<a href=\"http://www.chanzhi.org/book/chanzhieps/63.html\">http://www.chanzhi.org/book/chanzhieps/63.html</a></span><br /><span style=\"color:#333333;font-family:\'Helvetica Neue\', Helvetica, Tahoma, Arial, sans-serif;line-height:22px;background-color:#FFFFFF;\">雲蟬知提供下載備份服務。</span><br /><br /><span style=\"color:#333333;font-family:\'Helvetica Neue\', Helvetica, Tahoma, Arial, sans-serif;line-height:22px;background-color:#FFFFFF;\"><span style=\"font-weight:700;\">25、登錄蟬知後台，頻繁提示退出登錄。</span></span><br /><p style=\"color:#333333;font-family:\'Helvetica Neue\', Helvetica, Tahoma, Arial, sans-serif;background-color:#FFFFFF;\"><span>蟬知後台有防超時功能每6分鐘刷新一次。</span></p>\n<p style=\"color:#333333;font-family:\'Helvetica Neue\', Helvetica, Tahoma, Arial, sans-serif;background-color:#FFFFFF;\"><span>對session登錄ip地址安全檢查，IP變換，已登錄帳號會退出登錄。</span></p>\n<p style=\"color:#333333;font-family:\'Helvetica Neue\', Helvetica, Tahoma, Arial, sans-serif;background-color:#FFFFFF;\"><span>system/common/model.php的startSession裡面可以去掉這個檢查。</span></p>\n<br /><span style=\"color:#333333;font-family:\'Helvetica Neue\', Helvetica, Tahoma, Arial, sans-serif;line-height:22px;background-color:#FFFFFF;\"><span style=\"font-weight:700;\">26、列表頁面每頁顯示條目數怎麼由現在預設的5條改成10條？</span></span><br /><span style=\"color:#333333;font-family:\'Helvetica Neue\', Helvetica, Tahoma, Arial, sans-serif;line-height:22px;background-color:#FFFFFF;\">這個需要自己改代碼，建議先看看我們的開發框架文檔再修改。</span><br /><span style=\"color:#333333;font-family:\'Helvetica Neue\', Helvetica, Tahoma, Arial, sans-serif;line-height:22px;background-color:#FFFFFF;\">如果需要修改的是文章列表頁面的，在article/config.php裡修改。</span><br /><span style=\"color:#333333;font-family:\'Helvetica Neue\', Helvetica, Tahoma, Arial, sans-serif;line-height:22px;background-color:#FFFFFF;\">蟬知開發框架：<a href=\"http://devel.cnezsoft.com/\">http://devel.cnezsoft.com/</a></span><br /><br /><span style=\"color:#333333;font-family:\'Helvetica Neue\', Helvetica, Tahoma, Arial, sans-serif;line-height:22px;background-color:#FFFFFF;\"><span style=\"font-weight:700;\">27、關於添加最新產品區塊前台顯示空白的問題。</span></span><br /><span style=\"color:#333333;font-family:\'Helvetica Neue\', Helvetica, Tahoma, Arial, sans-serif;line-height:22px;background-color:#FFFFFF;\">在後台添加了最新產品區塊，需要到佈局設置裡添加最新產品的位置和顯示寬度，前台才可以顯示。</span><br /><span style=\"color:#333333;font-family:\'Helvetica Neue\', Helvetica, Tahoma, Arial, sans-serif;line-height:22px;background-color:#FFFFFF;\">最新產品區塊如果想同時顯示圖片和內容的話，需要在最新產品區塊編輯頁面勾選顯示圖片，產品附件上傳圖片。</span><br /><span style=\"color:#333333;font-family:\'Helvetica Neue\', Helvetica, Tahoma, Arial, sans-serif;line-height:22px;background-color:#FFFFFF;\">如果想像文章那樣直接是文字顯示，直接在最新產品區塊編輯頁面不勾選顯示圖片，這樣產品也不需要上傳圖片。</span><br />',	'article',	1,	',1,2,',	2,	'admin',	'demo',	'2014-08-25 14:00:44',	'2014-08-26 11:43:13',	17,	2,	'zh-tw');

INSERT INTO `eps_category` (`id`, `name`, `alias`, `desc`, `keywords`, `parent`, `path`, `grade`, `order`, `type`, `readonly`, `moderators`, `threads`, `posts`, `postedBy`, `postedDate`, `postID`, `replyID`, `link`, `lang`) VALUES
(1,	'蟬知下載',	'download',	'',	'',	0,	',1,',	1,	10,	'article',	'0',	'',	0,	0,	'',	'2014-08-25 13:56:40',	0,	0,	'',	'zh-tw'),
(2,	'蟬知動態',	'dynamic',	'',	'',	0,	',2,',	1,	20,	'article',	'0',	'',	0,	0,	'',	'2014-08-25 13:56:40',	0,	0,	'',	'zh-tw'),
(3,	'商業支持',	'',	'',	'',	0,	',3,',	1,	30,	'article',	'0',	'',	0,	0,	'',	'2014-08-25 13:56:40',	0,	0,	'',	'zh-tw'),
(4,	'蟬知',	'',	'',	'',	0,	',4,',	1,	10,	'forum',	'0',	'',	0,	0,	'',	'2014-08-25 14:19:26',	0,	0,	'',	'zh-tw'),
(5,	'建議反饋',	'feedback',	'有關蟬知企業門戶系統的建議和反饋。',	'蟬知企業門戶系統,蟬知企業建站系統,開源cms',	4,	',4,5,',	2,	10,	'forum',	'0',	'',	1,	1,	'demo',	'2014-09-02 18:27:35',	1,	0,	'',	'zh-tw'),
(6,	'技術支持',	'support',	'蟬知企業門戶系統技術支持版塊。',	'蟬知企業門戶系統,蟬知建站系統,cms,開源cms,免費cms',	4,	',4,6,',	2,	20,	'forum',	'0',	'',	0,	0,	'',	'2014-08-25 14:20:01',	0,	0,	'',	'zh-tw'),
(7,	'蟬知',	'',	'',	'',	0,	',7,',	1,	10,	'product',	'0',	'',	0,	0,	'',	'2014-08-25 14:29:49',	0,	0,	'',	'zh-tw'),
(8,	'12123',	'',	'',	'',	0,	',8,',	1,	10,	'wechat_1',	'0',	'',	0,	0,	'',	'2014-10-08 17:09:23',	0,	0,	'',	'zh-tw'),
(11,	'知識改進',	'',	'',	'',	0,	',11,',	1,	40,	'article',	'0',	'',	0,	0,	'',	'2014-10-08 17:42:37',	0,	0,	'',	'zh-tw'),
(10,	'12312',	'',	'',	'',	0,	',10,',	1,	30,	'wechat_1',	'0',	'',	0,	0,	'',	'2014-10-08 17:09:23',	0,	0,	'',	'zh-tw'),
(12,	'一二三',	'',	'',	'',	11,	',11,12,',	2,	10,	'article',	'0',	'',	0,	0,	'',	'2014-10-08 17:43:03',	0,	0,	'',	'zh-tw'),
(13,	'四五六',	'',	'',	'',	11,	',11,13,',	2,	20,	'article',	'0',	'',	0,	0,	'',	'2014-10-08 17:43:03',	0,	0,	'',	'zh-tw'),
(14,	'七八九',	'',	'',	'',	11,	',11,14,',	2,	30,	'article',	'0',	'',	0,	0,	'',	'2014-10-08 17:43:03',	0,	0,	'',	'zh-tw'),
(15,	'預設分組',	'',	'',	'',	0,	',15,',	1,	10,	'slide',	'0',	'',	0,	0,	'',	'2015-07-16 15:23:56',	0,	0,	'',	'zh-tw');

REPLACE INTO `eps_config` (`id`, `owner`, `module`, `section`, `key`, `value`, `lang`) VALUES
(351,	'system',	'common',	'site',	'lang',	'zh-tw',	'zh-tw'),
(460,	'system',	'common',	'site',	'type',	'portal',	'zh-tw'),
(461,	'system',	'common',	'site',	'name',	'蟬知企業門戶',	'zh-tw'),
(465,	'system',	'common',	'site',	'modules',	'user,article,product,page,forum,blog,book,message,search,shop',	'zh-tw'),
(466,	'system',	'common',	'site',	'copyright',	'2013',	'zh-tw'),
(467,	'system',	'common',	'site',	'keywords',	'企業門戶系統 企業建站系統 開源CMS',	'zh-tw'),
(468,	'system',	'common',	'site',	'indexKeywords',	'企業門戶系統 企業建站系統 開源CMS',	'zh-tw'),
(469,	'system',	'common',	'site',	'slogan',	'為天下企業提供專業的營銷工具！',	'zh-tw'),
(471,	'system',	'common',	'site',	'desc',	'蟬知門戶系統（chanzhiEPS）是一款開源免費的企業門戶系統，企業建站系統，php開源CMS系統。它專為企業營銷設計，功能專業全面，內置了文章發佈、會員管理、論壇評論、產品展示、在綫銷售、客服跟蹤等功能。以LGPL協議發佈，真開源，真免費。注重SEO，注重營銷，支持移動設備。界面簡潔大方，使用簡單方便，功能專業強大，是企業建站的首選！同時蟬知系統還內置了微信公眾平台功能，一個網站，電腦、手機、微信體驗俱佳！',	'zh-tw'),
(472,	'system',	'common',	'site',	'icpSN',	'',	'zh-tw'),
(473,	'system',	'common',	'site',	'icpLink',	'http://www.miitbeian.gov.cn',	'zh-tw'),
(450,	'system',	'common',	'nav',	'desktop_top',	'[{\"type\":\"system\",\"article\":\"0\",\"product\":\"0\",\"page\":\"2\",\"system\":\"home\",\"title\":\"\\u9996\\u9875\",\"url\":\"\\/\",\"key\":\"0\",\"target\":\"\",\"class\":\"nav-system-home\",\"children\":[]},{\"type\":\"article\",\"article\":\"2\",\"product\":\"0\",\"page\":\"2\",\"system\":\"home\",\"title\":\"\\u52a8\\u6001\",\"url\":\"\\/dynamic.html\",\"key\":\"1\",\"target\":\"\",\"class\":\"nav-article-2\",\"children\":[]},{\"type\":\"product\",\"article\":\"0\",\"product\":\"0\",\"page\":\"2\",\"system\":\"home\",\"title\":\"\\u4ea7\\u54c1\\u5217\\u8868\",\"url\":\"\\/product\\/\",\"key\":\"2\",\"target\":\"\",\"class\":\"nav-product-0\",\"children\":[]},{\"type\":\"page\",\"article\":\"0\",\"product\":\"0\",\"page\":\"2\",\"system\":\"home\",\"title\":\"\\u63a8\\u8350\\u7a7a\\u95f4\",\"url\":\"\\/page\\/host.html\",\"key\":\"3\",\"target\":\"\",\"class\":\"nav-page-2\",\"children\":[]},{\"type\":\"system\",\"article\":\"0\",\"product\":\"0\",\"page\":\"2\",\"system\":\"forum\",\"title\":\"\\u8bba\\u575b\",\"url\":\"\\/forum\\/\",\"key\":\"4\",\"target\":\"\",\"class\":\"nav-system-forum\",\"children\":[]},{\"type\":\"system\",\"article\":\"0\",\"product\":\"0\",\"page\":\"2\",\"system\":\"book\",\"title\":\"\\u624b\\u518c\",\"url\":\"\\/book\\/\",\"key\":\"5\",\"target\":\"\",\"class\":\"nav-system-book\",\"children\":[]},{\"type\":\"system\",\"article\":\"0\",\"product\":\"0\",\"page\":\"2\",\"system\":\"message\",\"title\":\"\\u7559\\u8a00\",\"url\":\"\\/message\\/\",\"key\":\"6\",\"target\":\"\",\"class\":\"nav-system-message\",\"children\":[]},{\"type\":\"system\",\"article\":\"0\",\"product\":\"0\",\"page\":\"2\",\"system\":\"company\",\"title\":\"\\u5173\\u4e8e\\u6211\\u4eec\",\"url\":\"\\/company\\/\",\"key\":\"7\",\"target\":\"\",\"class\":\"nav-system-company\",\"children\":[]}]',	'zh-tw'),
(451,	'system',	'common',	'nav',	'mobile_top',	'[{\"type\":\"system\",\"article\":\"0\",\"product\":\"0\",\"page\":\"11\",\"system\":\"home\",\"title\":\"\\u9996\\u9875\",\"url\":\"\\/\",\"key\":\"0\",\"target\":\"\",\"class\":\"nav-system-home\",\"children\":[]},{\"type\":\"product\",\"article\":\"0\",\"product\":\"0\",\"page\":\"11\",\"system\":\"home\",\"title\":\"\\u4ea7\\u54c1\\u5217\\u8868\",\"url\":\"\",\"key\":\"1\",\"target\":\"\",\"class\":\"nav-product-0\",\"children\":[]},{\"type\":\"article\",\"article\":\"0\",\"product\":\"0\",\"page\":\"11\",\"system\":\"home\",\"title\":\"\\u52a8\\u6001\",\"url\":\"\",\"key\":\"2\",\"target\":\"\",\"class\":\"nav-article-0\",\"children\":[]},{\"type\":\"system\",\"article\":\"0\",\"product\":\"0\",\"page\":\"11\",\"system\":\"message\",\"title\":\"\\u7559\\u8a00\",\"url\":\"\",\"key\":\"3\",\"target\":\"\",\"class\":\"nav-system-message\",\"children\":[]}]','zh-tw'),
(26,	'system',	'common',	'links',	'index',	'<a href=\"http://www.cnezsoft.com\" target=\"_blank\">青島易軟天創</a><a href=\"http://www.zentao.net\" target=\"_blank\"> 禪道項目管理軟件</a> <a href=\"http://www.ranzhi.org/\" target=\"_blank\">然之協同</a><a href=\"http://www.docker.org.cn\" target=\"_blank\">docker中文社區</a>',	'zh-tw'),
(27,	'system',	'common',	'links',	'all',	'',	'zh-tw'),
(28,	'system',	'common',	'links',	'uid',	'53facf42f2e81',	'zh-tw'),
(478,	'system',	'common',	'company',	'name',	'青島息壤網絡信息有限公司',	'zh-tw'),
(479,	'system',	'common',	'company',	'desc',	'<p>青島息壤由<a href=\"http://www.cnezsoft.com\">青島易軟天創</a>全資成立，公司位於美麗的青島開發區，團隊有着豐富的研發經驗。</p>\n<p>我們正在打造一款開源免費的企業建站系統，開源cms系統，以幫助企業建立品牌網站，進行宣傳推廣、市場營銷、產品銷售和客戶跟蹤。</p>\n<p><span>蟬知功能完備：內置了文章、會員、論壇、博客、手冊等功能，更多功能全力開發中；</span><span>注重SEO，語義化， 關鍵詞、內鏈，助您提高搜索排名；</span><span>統計分析，讓數據說話，隨時掌握網站流量和銷售動態。</span><span></span></p>\n<p>我們崇尚簡單和信任，以為天下企業提供專業的管理工具為使命！開源開放，共創共贏！</p>',	'zh-tw'),
(480,	'system',	'common',	'company',	'content',	'<h4>關於青島息壤網絡信息有限公司</h4>\n<p>青島息壤網絡信息有限公司由<a href=\"http://www.cnezsoft.com\">青島易軟天創</a>網絡科技有限公司全資成立，位於美麗的青島開發區，團隊成員擁有豐富的網站設計、系統研發、伺服器維護和SEO經驗。我們正在打造一款開源免費的企業門戶系統，以幫助企業建立品牌網站，進行宣傳推廣、市場營銷、產品銷售和客戶跟蹤。<span style=\"color:#E53333;\">為天下企業提供專業的營銷工具！</span> </p>\n<h4>關於蟬知企業門戶系統(chanzhiEPS)</h4>\n<p>蟬知門戶系統（changezhiEPS）是一款開源免費的企業門戶系統，專為企業營銷設計！</p>\n<h4><strong>為什麼</strong><strong>來</strong><strong>做</strong><strong>蟬知？</strong> </h4>\n<p>禪\n道團隊開發的禪道項目管理軟件主要是解決企業內部研發的問題。在我們和客戶接觸的時候，發現企業現在對外營銷的問題解決得非常不好。現在的企業網站大都是\n使用cms系統修改而來，各地大大小小的建站公司做的網站，實在不敢恭維。很多號稱開源的cms系統也都嚴格限制商用，所以我們就有了做一個開源的企業門\n戶系統的想法，於是就有了息壤這個團隊，有了蟬知這個產品。</p>\n<h4><strong>為什麼</strong><strong>叫做</strong><strong>蟬知？</strong><strong><br />\n</strong></h4>\n<p><strong> </strong> </p>\n<p>蟬\n在中國傳統文化中象徵著聞達和財富，非常適合企業宣傳營銷的特點，所以我們為這套系統起名為蟬知，我們希望通過這款開源免費的系統可以幫助眾多的中小企業\n快速方面的建立自己的企業網站，進行宣傳營銷。更重要的是蟬知是開放的，企業做大之後，可以在蟬知基礎上繼續擴展開發，不會成為您的瓶頸！</p>\n<h4><strong>蟬知的特點：</strong> </h4>\n<p>和市面上其他的各種各樣的cms相比，息壤系統具有如下特點：</p>\n<ol><li><strong>專注企業營銷!</strong><br />\n功能完備，文章、會員、論壇，更多功能全力開發中;<br />\n注重SEO，語義化， 關鍵詞、內鏈，助您提高搜索排名;<br />\n統計分析，讓數據說話，隨時掌握網站流量和銷售動態。<br />\n<br />\n</li>\n<li><strong>真開源真免費!</strong><br />\n國內唯一開源企業門戶系統;<br />\n以LGPL協議發佈，代碼完全開放;<br />\n免費下載，免費使用，不限制商用！<br />\n<br />\n</li>\n<li><strong>技術先進體驗好!</strong><br />\n底層框架自主開發，結構先進靈活；<br />\n內置擴展機制，方便企業定製開發；<br />\n汲取先進設計理念，注重用戶體驗！<br />\n<br />\n</li>\n<li><strong>使用放心有保障!</strong><br />\n我們是專職在做開源軟件；<br />\n我們有多年的開源和支持經驗；<br />\n做營銷，用息壤，靠譜！</li>\n</ol>\n<h4>獲得支持：</h4>\n<p>您可以通過如下方式獲得技術支持：<br />\nQQ群：284891062 <span style=\"color:#E53333;\">加群請註明暗號：蟬知，進群之後請修改自己的名片，城市-公司-暱稱，都可以用縮寫。<br />\n</span>論壇：<a href=\"http://www.chanzhi.org/forum\">http://www.chanzhi.org/forum/</a> </p>',	'zh-tw'),
(481,	'system',	'common',	'company',	'setDate',	'2015-07-03 13:33:14',	'zh-tw'),
(147,	'system',	'common',	'company',	'contact',	'{\"contacts\":\"\\u5f90\\u8d3a\",\"phone\":\"0532-84462898\",\"fax\":\"\",\"email\":\"co@chanzhi.org\",\"qq\":\"2692096539\",\"weixin\":\"chinaeasysoft\",\"weibo\":\"easysoft\",\"wangwang\":\"\",\"site\":\"\",\"address\":\"\\u9752\\u5c9b\\u5f00\\u53d1\\u533a\\u4e95\\u5188\\u5c71\\u8def\\u4e1c\\u65b9\\u94f6\\u5ea7 C\\u5ea7 1106\"}',	'zh-tw'),
(486,	'system',	'common',	'site',	'lastUpload',	'1437032740',	'zh-tw'),
(464,	'system',	'common',	'site',	'scheme',	'http',	'zh-tw'),
(412,	'system',	'common',	'template',	'name',	'default',	'zh-tw'),
(413,	'system',	'common',	'template',	'theme',	'default',	'zh-tw'),
(415,	'system',	'common',	'template',	'customTheme',	'default',	'zh-tw'),
(396,	'system',	'common',	'global',	'ignoreUpgrade',	'0',	'zh-tw'),
(155,	'system',	'common',	'site',	'allowUpload',	'1',	'zh-tw'),
(393,	'system',	'common',	'template',	'custom',	'{\"default\":{\"flat\":{\"background-color\":\"transparent\",\"background-image\":\"\",\"background-image-repeat\":\"repeat\",\"background-image-position-x\":\"\",\"background-image-position-y\":\"0\",\"background-image-position\":\" 0\",\"text-color\":\"\",\"font-size\":\"13px\",\"font-family\":\"inherit\",\"font-weight\":\"normal\",\"link-color\":\"\",\"link-decoration\":\"none\",\"link-visited-color\":\"\",\"link-hover-color\":\"\",\"sidebar-pull-left\":\"false\",\"sidebar-width\":\"25%\",\"footer-border-style\":\"none\",\"footer-border-color\":\"\",\"footer-backcolor\":\"\"},\"tartan\":{\"background-color\":\"#D0FFFD\",\"background-image\":\"\",\"background-image-repeat\":\"repeat\",\"background-image-position-x\":\"\",\"background-image-position-y\":\"0\",\"background-image-position\":\" 0\",\"text-color\":\"\",\"font-size\":\"13px\",\"font-family\":\"inherit\",\"font-weight\":\"normal\",\"link-color\":\"\",\"link-decoration\":\"none\",\"link-visited-color\":\"\",\"link-hover-color\":\"\",\"sidebar-pull-left\":\"false\",\"sidebar-width\":\"25%\",\"footer-border-style\":\"none\",\"footer-border-color\":\"\",\"footer-backcolor\":\"\"},\"default\":{\"background-color\":\"transparent\",\"background-image\":\"none\",\"background-image-repeat\":\"repeat\",\"background-image-position-x\":\"0\",\"background-image-position-y\":\"0\",\"background-image-position\":\"0 0\",\"text-color\":\"#333\",\"font-size\":\"13px\",\"font-family\":\"inherit\",\"font-weight\":\"normal\",\"link-color\":\"#0D3D88\",\"link-decoration\":\"none\",\"link-visited-color\":\"#0D3D88\",\"link-hover-color\":\"#347AEB\",\"sidebar-pull-left\":\"false\",\"sidebar-width\":\"25%\",\"navbar-table-layout\":\"true\",\"navbar-backcolor\":\"#f1f1f1\",\"navbar-background-image\":\"none\",\"navbar-background-image-repeat\":\"repeat\",\"navbar-background-image-position-x\":\"0\",\"navbar-background-image-position-y\":\"0\",\"navbar-background-image-position\":\"0 0\",\"navbar-border-style\":\"solid\",\"navbar-border-color\":\"#D5D5D5\",\"navbar-border-width\":\"1px\",\"navbar-border-radius\":\"4px\",\"navbar-panel-backcolor\":\"#FFF\",\"navbar-panel-border-style\":\"solid\",\"navbar-panel-border-color\":\"#DDD\",\"navbar-panel-border-width\":\"1px\",\"navbar-paenl-border-radius\":\"3px\",\"navbar-menu-color\":\"#555\",\"navbar-menu-font-size\":\"14px\",\"navbar-menu-font-family\":\"inherit\",\"navbar-menu-font-weight\":\"bold\",\"navbar-menu-color-hover\":\"#000\",\"navbar-menu-backcolor-hover\":\"#FEFEFE\",\"navbar-menu-color-active\":\"#151515\",\"navbar-menu-backcolor-active\":\"#FFF\",\"navbar-submenu-color\":\"#333\",\"navbar-submenu-color-hover\":\"#151515\",\"navbar-submenu-backcolor-hover\":\"#E5E5E5\",\"navbar-submenu-color-active\":\"#151515\",\"navbar-submenu-backcolor-active\":\"#E5E5E5\",\"block-border-style\":\"solid\",\"block-border-color\":\"#DDD\",\"block-border-width\":\"1px\",\"block-border-radius\":\"3px\",\"block-heading-backcolor\":\"#F5F5F5\",\"block-heading-color\":\"#333\",\"block-heading-font-size\":\"inherit\",\"block-heading-font-weight\":\"inherit\",\"block-body-backcolor\":\"transparent\",\"block-body-color\":\"#333\",\"block-body-link-color\":\"#0D3D88\",\"button-color-default\":\"#F2F2F2\",\"button-color-primary\":\"#3280FC\",\"button-color-info\":\"#39B3D7\",\"button-color-success\":\"#229F24\",\"button-color-warning\":\"#E48600\",\"button-color-danger\":\"#D2322D\",\"button-border-style\":\"solid\",\"button-border-width\":\"1px\",\"button-border-radius\":\"3px\",\"button-font-weight\":\"normal\",\"footer-border-style\":\"solid\",\"footer-border-color\":\"#ddd\",\"footer-backcolor\":\"#f7f7f7\"},\"wide\":{\"color-primary\":\"\",\"text-color\":\"\",\"font-size\":\"13px\",\"font-family\":\"inherit\",\"font-weight\":\"normal\",\"sidebar-pull-left\":\"false\",\"sidebar-width\":\"25%\"},\"colorful\":{\"color-primary\":\"\",\"border-radius\":\"3\",\"background-color\":\"\",\"background-image\":\"\",\"text-color\":\"\",\"font-size\":\"13px\",\"font-family\":\"\\u5b8b\\u4f53\",\"font-weight\":\"normal\",\"sidebar-pull-left\":\"false\",\"sidebar-width\":\"25%\",\"footer-border-style\":\"solid\",\"footer-border-color\":\"\",\"footer-backcolor\":\"#2286D2\"}}}',	'zh-tw'),
(394,	'system',	'common',	'template',	'customVersion',	'1417396719',	'zh-tw'),
(410,	'system',	'common',	'shop',	'payment',	'alipay,COD',	'zh-tw'),
(411,	'system',	'common',	'shop',	'confirmLimit',	'7',	'zh-tw'),
(483,	'system',	'common',	'site',	'lang',	'zh-tw',	'all'),
(420,	'system',	'common',	'site',	'defaultLang',	'zh-tw',	'all'),
(458,	'system',	'common',	'site',	'status',	'normal',	'zh-tw'),
(459,	'system',	'common',	'site',	'pauseTip',	'站點維護中……',	'zh-tw'),
(462,	'system',	'common',	'site',	'domain',	'',	'zh-tw'),
(463,	'system',	'common',	'site',	'allowedDomain',	'',	'zh-tw'),
(470,	'system',	'common',	'site',	'meta',	'',	'zh-tw'),
(438,	'system',	'common',	'site',	'uid',	'554d6de00a0b7',	'zh-tw');

UPDATE `eps_layout` SET `blocks` = '[{\"id\":\"1\",\"grid\":\"4\",\"titleless\":\"0\",\"borderless\":\"0\"},{\"id\":\"11\",\"grid\":\"4\",\"titleless\":\"0\",\"borderless\":\"0\"},{\"id\":\"10\",\"grid\":\"4\",\"titleless\":\"0\",\"borderless\":\"0\"}]' WHERE template = 'default' AND page = 'index_index' AND region = 'middle';

INSERT INTO `eps_order` (`id`, `account`, `amount`, `payment`, `sn`, `address`, `note`, `createdDate`, `paidDate`, `payStatus`, `deliveriedDate`, `deliveriedBy`, `deliveryStatus`, `express`, `waybill`, `confirmedDate`, `finishedDate`, `finishedBy`, `status`, `lang`) VALUES
(1,	'demo',	0.01,	'COD',	'',	'張三丰 [15988898558] 位於湖北省西北部的十堰市丹江口市境內 266555',	'',	'2015-02-12 14:24:53',	'0000-00-00 00:00:00',	'not_paid',	'0000-00-00 00:00:00',	'',	'not_send',	0,	'',	'0000-00-00 00:00:00',	'0000-00-00 00:00:00',	'',	'normal',	'zh-tw'),
(2,	'demo',	0.01,	'alipay',	'2015021200001000280046649527',	'張三丰 [15988898558] 位於湖北省西北部的十堰市丹江口市境內 266555',	'',	'2015-02-12 14:25:25',	'2015-02-12 14:26:05',	'paid',	'0000-00-00 00:00:00',	'',	'not_send',	0,	'',	'0000-00-00 00:00:00',	'0000-00-00 00:00:00',	'',	'normal',	'zh-tw');

INSERT INTO `eps_order_product` (`id`, `orderID`, `productID`, `productName`, `price`, `count`, `lang`) VALUES
(1,	1,	2,	'雲蟬知',	0.01,	1,	'zh-tw'),
(2,	2,	2,	'雲蟬知',	0.01,	1,	'zh-tw');

INSERT INTO `eps_product` (`id`, `name`, `alias`, `mall`, `brand`, `model`, `color`, `origin`, `unit`, `price`, `promotion`, `amount`, `keywords`, `desc`, `content`, `author`, `editor`, `addedDate`, `editedDate`, `status`, `views`, `sticky`, `order`, `css`, `js`, `lang`) VALUES
(1,	'演示商品二',	'chanzhi',	'',	'蟬知',	'',	'',	'',	'',	8888.00,	0.02,	0,	'蟬知企業門戶系統',	'蟬知企業門戶系統是一款專向企業營銷使用的企業門戶系統，企業使用蟬知系統可以非常方便地搭建一個專業的企業營銷網站，進行宣傳，開展業務，服務客戶。',	'<h4>關於蟬知企業門戶系統(chanzhiEPS)</h4>\n<p>蟬知企業門戶系統是由業內資深開發團隊開發的一款專向企業營銷使用的企業門戶系\n統，企業使用蟬知系統可以非常方便地搭建一個專業的企業營銷網站，進行宣傳，開展業務，服務客戶。蟬知系統內置了文章、產品、論壇、評論、會員、博客、幫\n助等功能，同時還可以和微信進行整合綁定。功能豐富實用，後台操作簡潔方便。蟬知系統還內置了搜索引擎優化必備的功能，比如關鍵詞，摘要，站點地圖，友好\n路徑等，使用蟬知系統可以非常方便的搭建對搜索引擎友好的網站。</p>\n<p><strong>為什麼</strong><strong>叫做</strong><strong>蟬知？</strong><strong><br />\n</strong> </p>\n<p>蟬是中國傳統的吉祥物之一，象徵著聞達和財富，非常符合企業作為盈利組織的特點。所以我們為這套系統起名為蟬知，希望通過這款開源免費的系統可以幫助眾多的中小企業快速方面的建立自己的企業網站，進行宣傳營銷。</p>\n<p><strong>為什麼</strong><strong>來</strong><strong>做</strong><strong>蟬知？</strong> </p>\n<p>蟬\n知團隊還有其他的開源產品，我們在維護自己的產品的時候，也存在這樣的需求：我們需要一個網站來對產品進行宣傳，能夠給用戶提供技術支持，方便用戶下載等\n等。我們也曾經想用市面上的其他cms系統來搭建，但後來發現要做大量的改動定製，還不如自己寫一個。所以我們在四年多的時間裡面一點點的完善自己的產品\n網站。與此同時我們在和客戶接觸的時候，發現企業的網站大都不敢恭維：技術陳舊、載入速度緩慢、不利於seo、後台晦澀難懂。於是我們就產生了做一個企業\n門戶系統來解決這個問題的想法，於是就是了蟬知這個產品。</p>\n<h4><strong>為什麼以開源的方式來發佈？</strong> </h4>\n<p>蟬知原始碼完全開放，不限制商用。我們之所以堅持以開源的方式來發佈蟬知系統，是因為我們堅信開放才是正道。只有開放的系統才更具有生命力，用戶使用起來才更加放心。</p>\n<p><strong>為什麼選擇蟬知門戶系統來搭建企業網站？</strong> </p>\n<p>現\n在做一個企業營銷網站可以有很多選擇，比如使用國外開源的wordpress, dupal, jommla等。國內的有dedecms, \nphpcms等cms系統。還有很多在綫建站的公司。如果費用充足的話，可以選擇建站公司來做（建站公司也是使用上述的這些系統來幫你搭建，比較坑）。那\n麼蟬知系統和這些系統相比有什麼特點呢？<strong><br />\n</strong> </p>\n<p><strong>1. 首先，我們是專門做企業營銷網站。</strong> </p>\n<ul><li>現在做網站，都是在cms系統上面改。而蟬知系統是專門面向企業營銷網站的，所以功能更具有針對性。我們內置了文章、產品、會員、論壇、評論、幫助、博客等諸多功能，完全可以應對企業營銷網站的各種需求。</li>\n<li>蟬知系統特別重視搜索引擎優化，內置了關鍵詞管理、摘要、站點地圖等功能。同時只要環境支持url重寫，就可以生成搜索引擎非常喜歡的路徑結構，比如/news/123.html這樣的路徑。</li>\n<li>蟬知系統後續會內置基本的統計數據，哪怕網站只有一個用戶訪問，也要讓您清清楚楚的知道網站有人在訪問。這樣網站不再是死的的網站。</li>\n</ul>\n<p><strong>2. 其次，</strong><strong>蟬知</strong><strong>系統</strong><strong>是</strong><strong>真正</strong><strong>的</strong><strong>開源</strong><strong>免費</strong> </p>\n<ul><li>蟬知系統是目前唯一開源免費的企業門戶系統。</li>\n<li>蟬知系統以LGPL協議發佈，代碼完全開放，是真正的開源。（有很多號稱開源的cms系統，其實都是假的。)</li>\n<li>蟬知系統不限制商用，也不會為了推我們後續的一些收費功能或者服務故意的在產品中做很多限制。<br />\n</li>\n</ul>\n<p><strong>3. 蟬知系統技術先進，注重用戶體驗</strong> </p>\n<ul><li>蟬知系統使用自主開發的框架搭建，架構更加合理。</li>\n<li>內置完善的擴展機制，方便企業後續的二次開發。蟬知系統的首要定位是幫助企業解決營銷問題，當營銷問題解決之後，企業會考慮在蟬知系統上搭建自己的業務系統，比如報名、訂單之類的業務。這時候在蟬知系統基礎上進行二次開發是非常容易的事情。</li>\n<li>蟬知團隊不斷的學習業內先進的設計理念，給大家提供簡潔方便的產品。</li>\n</ul>\n<p><strong>4. </strong><strong>使用</strong><strong>支持</strong><strong>有</strong><strong>保障</strong> </p>\n<ul><li>別人做開源，也許只是興趣。而我們做開源，是專職在做，以正規的公司形式來運作。</li>\n<li>我們有將近十年的開源軟件開發和維護經驗，對開源軟件的後續開發、支持有豐富的經驗。</li>\n<li>我們團隊和系統足夠開放，後續我們會着手打造一個面向企業營銷市場的小生態系統，吸引第三方的設計師、網站建設公司參與。</li>\n</ul>\n<p>so，不要再猶豫，新時代做企業營銷，首選蟬知門戶系統，靠譜！</p>',	'admin',	'demo',	'2014-08-25 14:31:29',	'2015-03-03 14:34:24',	'normal',	109,	'0',	1,	'',	'',	'zh-tw'),
(2,	'演示商品一',	'',	'',	'蟬知',	'',	'',	'',	'',	8888.00,	0.01,	0,	'',	'<p>蟬知在綫(以下簡稱雲蟬知)是由青島息壤網絡信息有限公司（以下簡稱青島息壤）提供的在綫建站服務。</p>',	'<p>雲蟬知在綫(以下簡稱雲蟬知)是由青島息壤網絡信息有限公司(以下簡稱青島息壤)提供的在綫建站服務。若您申請雲蟬知帳戶並使用相應服務，您必須先同意此協議：</p>\n<h4>一、服務條款的確認和接納<br />\n</h4>\n(1) 您必須是能夠承擔相應法律責任的公司或個人。若您不具備此資格，不能使用雲蟬知提供的服務。<br />\n<p>(2) 當您使用服務時，您需閲讀並且同意<a href=\"http://www.chanzhi.net/book/chanzhieps/58_license.html\">《蟬知企業門戶系統授權協議》</a>；</p>\n<p><span>(3) 當您使用服務時，您需知曉並且同意此《雲蟬知在綫使用協議》； </span></p>\n(4) 此協議在必要時將進行修改，更新後會以明顯的方式通知到用戶。 <br />\n<p>(5) 若您繼續使用系統提供的服務，則表明您接受新的協議。</p>\n<h4>二、服務內容<br />\n</h4>\n<p>(1) 此協議所述服務僅在雲蟬知網站內有效。雲蟬知網站是指http://www.chanzhi.net及其所屬網頁；</p>\n(2) 雲蟬知有權根據實際情況自主調整服務內容。<br />\n<h4>三、帳戶<br />\n</h4>\n(1) 使用雲蟬知服務之前，您必須在雲蟬知網站上面註冊一個合法的帳號，並如實填寫所有資料。如因資料不全而無法及時通知到您而造成的一切損失，青島息壤不承擔任何責任。<br />\n(2) 您應當妥善保管自己的賬戶和密碼，避免丟失，更不能讓他人使用。若因此造成損失，青島息壤不負任何法律責任；<br />\n(3) 您在使用雲蟬知服務時必須遵守相關法律法規。青島息壤對帳戶使用服務所產生的與其他公司或者個人的糾紛不負法律責任；<br />\n(4) 雲蟬知網站有權對惡意帳戶中止服務，且無需特別通知；<h4>四、費用<br />\n</h4>\n<p>(1) 在您正式使用雲蟬知服務之前，您需要自己申請域名。<br />\n(2) 雲蟬知現在為大家提供免費服務，免費用戶可以創建三個站點。每個站點可使用100M空間(包括附件、圖片和資料庫），每個月10GB流量。如果超出存儲空間或者流量，雲蟬知網站有權對該站點的訪問進行限制。<br />\n(3) 雲蟬知後續會提供功能更強的收費版本，收費標準屆時會在雲蟬知網站公佈。雲蟬知保留對收費模式和具體金額調整的權利，涉及收費服務，將至提前30天的時間通過電子郵件的形式通知帳戶。</p>\n<h4>五、服務終止</h4>\n<p>有下列情形之一的，雲蟬知網站有權隨時暫停、終止、取消或拒絶帳戶服務。<br />\n<br />\n(1) 帳戶違反了此協議或已在約定範圍內的任一條款；<br />\n(2) 根據此協議相關說明而終止服務；<br />\n(3) 利用雲蟬知網站的發佈功能濫發重複信息；<br />\n(4) 未經請求或授權向雲蟬知網站帳戶發送大量與業務不相關的信息；<br />\n(5) 冒用其他企業的名義發佈商業信息，進行商業活動；<br />\n(6) 攻擊雲蟬知網站的數據、網絡或服務；</p>\n<p>(7) 盜用他人在雲蟬知網站上的帳戶名和密碼。<br />\n<br />\n以下信息是嚴格禁止並絶對終止帳戶服務，同時不退回購買費用的：<br />\n<br />\n(1) 有關宗教、種族或性別的貶損言辭；<br />\n(2) 騷擾、濫用或威脅其他帳戶；<br />\n(3) 侵犯任何第三方著作權、專利、商標、商業秘密或其它專有權利、發表權或隱私權的信息；<br />\n(4) 其它任何違反互聯網相關法律法規的信息。</p>\n<h4>六、雲蟬知用戶的權利和義務</h4>\n<p>(1) 雲蟬知服務生效後，帳戶就可享受相應服務內容；<br />\n(2) 雲蟬知用戶在使用雲蟬知網站提供的相應服務時，必須保證遵守當地及中國有關法律法規的規定；<br />\n不得利用該網站進行任何非法活動；遵守所有與使用該網站有關的協議、規定、程序和慣例；<br />\n(3) 雲蟬知用戶對輸入數據的準確性、可靠性、合法性、適用性等負責；</p>\n<h4>七、雲蟬知的權利和義務<br />\n</h4>\n<p>(1) 雲蟬知盡最大努力來保證服務的正常訪問以及數據的備份。<br />\n(2) 雲蟬知為收費用戶提供相應的諮詢、技術支持等服務。</p>\n<p>(3)\n對於因不可抗力造成的服務中斷、連結受阻或其他缺陷(包括但不限于自然災害、社會事件以及因網站所具有的特殊性質而產生的包括系統崩潰、數據丟失、黑客攻\n擊、電信部門技術調整導致的影響、政府管制而造成的暫時性關閉在內的任何影響網絡正常運營的因素)，雲蟬知網站不承擔任何責任，但將儘力減少因此而給會員\n造成的損失和影響；<br />\n(4) 雲蟬知網站對用戶因使用雲蟬知服務而造成的損失不負法律責任。不論什麼情況下對用戶因使用雲蟬知服務而造成的直接、間接、偶爾的、特殊的懲罰性的損害或其他一切損害概不負法律責任；<br />\n(5) 如因雲蟬知原因，造成服務的不正常中斷，青島息壤不承擔任何責任，青島息壤也不承擔由此致使會員蒙受的其它方面的連帶損失；</p>\n<h4>八、隱私與保密<br />\n</h4>\n<p>(1) 您註冊時所填寫的個人信息僅限于青島息壤與您之間聯繫使用，青島息壤不得將其用於商業目的。<br />\n(2) 您通過雲蟬知產生的任何數據都屬於您所有。除非您主動要求我們協助您排查問題，否則青島息壤的所有員工無權查看、編輯、複製、刪除您的任數據。</p>\n<h4>九、最終解釋權<br />\n</h4>\n<p>青島息壤網絡信息有限公司對雲蟬知保有所有活動、限制等的最終解釋權。</p>',	'admin',	'demo',	'2014-08-25 15:06:50',	'2015-03-03 14:34:06',	'normal',	45,	'0',	2,	'',	'',	'zh-tw');

INSERT INTO `eps_product_custom` (`id`, `product`, `label`, `value`, `order`, `lang`) VALUES
(105,	2,	'免費空間',	'100M',	1,	'zh-tw'),
(107,	1,	'php ',	'> 5.2',	0,	'zh-tw'),
(108,	1,	'mysql',	'> 4.0',	1,	'zh-tw'),
(104,	2,	'免費站點',	'3個',	0,	'zh-tw'),
(109,	1,	'伺服器',	'apache/ngix',	2,	'zh-tw'),
(106,	2,	'每月免費流量',	'10G',	2,	'zh-tw'),
(110,	1,	'價格',	'免費',	3,	'zh-tw');

INSERT INTO `eps_relation` (`type`, `id`, `category`, `lang`) VALUES
('article',	1,	1,	'zh-tw'),
('article',	1,	2,	'zh-tw'),
('article',	3,	2,	'zh-tw'),
('article',	4,	1,	'zh-tw'),
('article',	4,	2,	'zh-tw'),
('article',	5,	1,	'zh-tw'),
('article',	5,	2,	'zh-tw'),
('article',	6,	1,	'zh-tw'),
('article',	6,	2,	'zh-tw'),
('article',	7,	1,	'zh-tw'),
('article',	7,	2,	'zh-tw'),
('article',	8,	1,	'zh-tw'),
('article',	8,	2,	'zh-tw'),
('article',	9,	1,	'zh-tw'),
('article',	9,	2,	'zh-tw'),
('article',	10,	1,	'zh-tw'),
('article',	10,	2,	'zh-tw'),
('article',	12,	12,	'zh-tw'),
('product',	1,	7,	'zh-tw'),
('product',	2,	7,	'zh-tw');

INSERT INTO `eps_slide` (`id`, `group`, `title`, `titleColor`, `mainLink`, `backgroundType`, `backgroundColor`, `height`, `image`, `label`, `buttonClass`, `buttonUrl`, `buttonTarget`, `summary`, `createdDate`, `order`, `lang`) VALUES
(1,	15,	'蟬知，專注企業營銷!',	'#FFF',	'',	'color',	'#FF9400',	270,	'',	'[\"\\u8749\\u77e54.3\\u4e0b\\u8f7d\"]',	'[\"primary\"]',	'[\"http:\\/\\/www.chanzhi.org\\/dynamic\\/103_chanzhi4.3.html\"]',	'[\"\"]',	'<div><ul><li>功能完備：文章、產品、論壇、手冊、留言、評論、博客...</li>\r\n<li>全網營銷：一個網站，電腦、手機、微信體驗俱佳！</li>\r\n<li>整合微信：內置微信公眾平台功能，移動互聯，我來做主！</li>\r\n<li>完美SEO：全方位針對搜索引擎優化，輕鬆斬獲最佳排名！</li>\r\n</ul>\r\n</div>',	'2015-07-16 15:27:24',	1,	'zh-tw'),
(2,	15,	'蟬知，定製性最強！',	'#FFF',	'',	'color',	'#2286D2',	270,	'',	'[\"\\u8749\\u77e54.3\\u4e0b\\u8f7d\"]',	'[\"primary\"]',	'[\"http:\\/\\/www.chanzhi.org\\/download\\/103_chanzhi4.3.html\"]',	'[\"\"]',	'<div><ul><li>底層框架自主開發，結構先進靈活；</li>\r\n<li>自主開發UI框架，更適合國人習慣；</li>\r\n<li>內置擴展機制，方便企業定製開發；</li>\r\n</ul>\r\n</div>',	'2015-07-16 15:43:14',	2,	'zh-tw'),
(3,	15,	'蟬知，真開源真免費!',	'#FFF',	'',	'color',	'#D92958',	270,	'',	'[\"\\u8749\\u77e54.3\\u4e0b\\u8f7d\"]',	'[\"primary\"]',	'[\"http:\\/\\/www.chanzhi.org\\/download\\/103_chanzhi4.3.html\"]',	'[\"\"]',	'<div><ul><li>國內第一款開源企業門戶系統;</li>\r\n<li>授權寬鬆，商業友好，代碼開放;</li>\r\n<li>免費下載，免費使用，不限制商用！</li>\r\n</ul>\r\n</div>',	'2015-07-16 15:45:40',	3,	'zh-tw');

INSERT INTO `eps_tag` (`id`, `tag`, `link`, `rank`, `lang`) VALUES
(1,	'安全cms',	'',	1,	'zh-tw'),
(2,	'企業建站系統',	'',	5,	'zh-tw'),
(3,	'企業門戶',	'',	4,	'zh-tw'),
(4,	'開源csm',	'',	1,	'zh-tw'),
(5,	'蟬知空間',	'',	1,	'zh-tw'),
(6,	'蟬知企業門戶系統',	'',	3,	'zh-tw'),
(7,	'蟬知',	'',	1,	'zh-tw'),
(8,	'企業建站',	'',	2,	'zh-tw'),
(9,	'開源CMS',	'',	5,	'zh-tw'),
(10,	'免費cms',	'',	4,	'zh-tw'),
(11,	'微信營銷系統',	'',	1,	'zh-tw'),
(12,	'微網站',	'',	1,	'zh-tw'),
(13,	'移動建站',	'',	1,	'zh-tw'),
(14,	'手機建站系統',	'',	1,	'zh-tw'),
(15,	'微信網站',	'',	1,	'zh-tw'),
(16,	'免費企業建站',	'',	1,	'zh-tw');

INSERT INTO `eps_thread` (`id`, `board`, `title`, `color`, `content`, `author`, `editor`, `addedDate`, `editedDate`, `readonly`, `views`, `stick`, `replies`, `repliedBy`, `repliedDate`, `replyID`, `hidden`, `link`, `lang`) VALUES
(1,	5,	'asdfasdf',	'',	'adsfasdf',	'demo',	'',	'2014-09-02 18:27:35',	'2014-09-02 18:27:35',	0,	14,	'0',	0,	'',	'2014-09-02 18:27:35',	0,	'0',	'',	'zh-tw');

INSERT INTO `eps_user` (`id`, `account`, `password`, `realname`, `realnames`, `nickname`, `admin`, `avatar`, `birthday`, `gender`, `email`, `skype`, `qq`, `yahoo`, `gtalk`, `wangwang`, `site`, `mobile`, `phone`, `company`, `address`, `zipcode`, `visits`, `ip`, `last`, `fails`, `referer`, `join`, `reset`, `locked`, `public`, `emailCertified`, `lang`) VALUES
(2,	'demo',	'629313c380e0defefbd6267651c72a9d',	'demo',	'',	'',	'super',	'',	'0000-00-00',	'u',	'',	'',	'',	'',	'',	'',	'',	'',	'',	'',	'',	'',	0,	'14.159.71.121',	'0000-00-00 00:00:00',	0,	'',	'0000-00-00 00:00:00',	'',	'0000-00-00 00:00:00',	'0',	'0',	'zh-tw');
